时间,基准收益,策略收益,当日盈利,当日亏损,当日买入,当日卖出,超额收益(%)
2020-01-02 16:00:00,1.36,0.58,585,0,50010,0,-0.77
2020-01-03 16:00:00,1.18,1.51,930,0,0,0,0.33
2020-01-06 16:00:00,0.8,1.13,0,-383.5,0,-8495,0.33
2020-01-07 16:00:00,1.55,1.33,200,0,0,0,-0.22
2020-01-08 16:00:00,0.38,0.11,0,-1225,0,0,-0.27
2020-01-09 16:00:00,1.65,0.43,325,0,0,0,-1.2
2020-01-10 16:00:00,1.63,0.18,0,-250,0,0,-1.43
2020-01-13 16:00:00,2.62,0.93,750,0,0,0,-1.65
2020-01-14 16:00:00,2.28,0.36,0,-575,0,0,-1.88
2020-01-15 16:00:00,1.71,-0.24,0,-600,0,0,-1.92
2020-01-16 16:00:00,1.28,-0.85,0,-606,9924,0,-2.1
2020-01-17 16:00:00,1.42,-0.66,186,0,0,0,-2.05
2020-01-20 16:00:00,2.18,-0.48,186,0,0,0,-2.6
2020-01-21 16:00:00,0.43,-1.87,0,-1395,0,0,-2.29
2020-01-22 16:00:00,0.86,-1.51,364,0,9564,0,-2.35
2020-01-23 16:00:00,-2.26,-3.54,0,-2035,0,0,-1.31
2020-02-03 16:00:00,-9.96,-9.28,0,-5735,0,0,0.76
2020-02-04 16:00:00,-7.59,-7.02,2257,0,0,0,0.62
2020-02-05 16:00:00,-6.54,-6.91,111,0,0,0,-0.4
2020-02-06 16:00:00,-4.8,-6.39,518,0,0,0,-1.67
2020-02-07 16:00:00,-4.8,-6.95,0,-555,0,0,-2.26
2020-02-10 16:00:00,-4.41,-7.39,0,-444,0,0,-3.12
2020-02-11 16:00:00,-3.52,-6.32,1073,0,0,0,-2.9
2020-02-12 16:00:00,-2.74,-6.39,0,-74,0,0,-3.75
2020-02-13 16:00:00,-3.34,-6.84,0,-444,0,0,-3.62
2020-02-14 16:00:00,-2.66,-5.43,1406,0,0,0,-2.85
2020-02-17 16:00:00,-0.47,-4.17,1258,0,0,0,-3.72
2020-02-18 16:00:00,-0.95,-4.9,0,-724,9210,0,-3.99
2020-02-19 16:00:00,-1.11,-4.72,172,0,0,0,-3.65
2020-02-20 16:00:00,1.17,-3.22,1505,0,0,0,-4.34
2020-02-21 16:00:00,1.29,-3.26,0,-43,0,0,-4.49
2020-02-24 16:00:00,0.89,-4.77,0,-1505,0,0,-5.61
2020-02-25 16:00:00,0.67,-5.58,0,-810,9012,0,-6.21
2020-02-26 16:00:00,-0.58,-5.82,0,-245,0,0,-5.27
2020-02-27 16:00:00,-0.29,-5.23,588,0,0,0,-4.95
2020-02-28 16:00:00,-3.82,-8.22,0,-2989,0,0,-4.57
2020-03-02 16:00:00,-0.66,-6.8,1421,0,0,0,-6.18
2020-03-03 16:00:00,-0.13,-7.15,0,-343,0,0,-7.03
2020-03-04 16:00:00,0.45,-7.3,0,-158,8820,0,-7.72
2020-03-05 16:00:00,2.69,-3.45,3850,0,0,0,-5.98
2020-03-06 16:00:00,1.02,-5.37,0,-1916.1,0,-9096,-6.33
2020-03-09 16:00:00,-2.43,-8.38,0,-3015,8838,0,-6.1
2020-03-10 16:00:00,-0.34,-6.68,1705,0,0,0,-6.36
2020-03-11 16:00:00,-1.66,-7.06,0,-385,0,0,-5.49
2020-03-12 16:00:00,-3.56,-7.12,0,-55,0,0,-3.69
2020-03-13 16:00:00,-4.91,-8,0,-880,0,0,-3.25
2020-03-16 16:00:00,-9,-12.23,0,-4235,0,0,-3.55
2020-03-17 16:00:00,-9.44,-14.1,0,-1870,0,0,-5.15
2020-03-18 16:00:00,-11.24,-17.95,0,-3850,0,0,-7.56
2020-03-19 16:00:00,-12.39,-20.59,0,-2640,0,0,-9.36
2020-03-20 16:00:00,-10.82,-19,1595,0,0,0,-9.17
2020-03-23 16:00:00,-13.82,-21.03,0,-2035,0,0,-8.37
2020-03-24 16:00:00,-11.51,-18.5,2530,0,0,0,-7.9
2020-03-25 16:00:00,-9.13,-17.07,1430,0,0,0,-8.74
2020-03-26 16:00:00,-9.73,-16.03,1045,0,0,0,-6.98
2020-03-27 16:00:00,-9.44,-15.53,495,0,0,0,-6.72
2020-03-30 16:00:00,-10.31,-16.69,0,-1155,0,0,-7.11
2020-03-31 16:00:00,-10.02,-17.46,0,-770,0,0,-8.27
2020-04-01 16:00:00,-10.29,-16.96,495,0,0,0,-7.44
2020-04-02 16:00:00,-8.84,-16.52,440,0,0,0,-8.42
2020-04-03 16:00:00,-9.36,-18.5,0,-1980,0,0,-10.08
2020-04-07 16:00:00,-7.29,-17.02,1485,0,0,0,-10.5
2020-04-08 16:00:00,-7.72,-17.66,0,-639,9030,0,-10.77
2020-04-09 16:00:00,-7.42,-17.91,0,-248,0,0,-11.33
2020-04-10 16:00:00,-7.99,-17.6,310,0,0,0,-10.44
2020-04-13 16:00:00,-8.38,-18.84,0,-1240,0,0,-11.42
2020-04-14 16:00:00,-6.61,-17.16,1674,0,0,0,-11.3
2020-04-15 16:00:00,-7.3,-17.1,62,0,0,0,-10.57
2020-04-16 16:00:00,-7.18,-18.28,0,-1178,0,0,-11.96
2020-04-17 16:00:00,-6.28,-16.98,1302,0,0,0,-11.42
2020-04-20 16:00:00,-5.93,-16.36,620,0,0,0,-11.09
2020-04-21 16:00:00,-7.04,-13.64,2718.7,0,0,-9296,-7.1
2020-04-22 16:00:00,-6.28,-14.85,0,-1210,0,0,-9.14
2020-04-23 16:00:00,-6.51,-14.85,0,0,0,0,-8.92
2020-04-24 16:00:00,-7.31,-14.79,55,0,0,0,-8.07
2020-04-27 16:00:00,-6.68,-13.36,1430,0,0,0,-7.16
2020-04-28 16:00:00,-6.04,-13.25,110,0,0,0,-7.67
2020-04-29 16:00:00,-5.6,-10.5,2750,0,0,0,-5.19
2020-04-30 16:00:00,-4.49,-10.96,0,-460.8,0,-9800,-6.77
2020-05-06 16:00:00,-3.91,-11.73,0,-768,0,0,-8.14
2020-05-07 16:00:00,-4.19,-12.12,0,-384,0,0,-8.28
2020-05-08 16:00:00,-3.25,-10.87,1248,0,0,0,-7.88
2020-05-11 16:00:00,-3.33,-10.63,240,0,0,0,-7.55
2020-05-12 16:00:00,-3.33,-11.64,0,-1008,0,0,-8.6
2020-05-13 16:00:00,-3.13,-12.4,0,-768,0,0,-9.57
2020-05-14 16:00:00,-4.18,-14.18,0,-1778,9499,0,-10.44
2020-05-15 16:00:00,-4.49,-14.57,0,-385,0,0,-10.55
2020-05-18 16:00:00,-4.24,-14.75,0,-184,9254,0,-10.98
2020-05-19 16:00:00,-3.43,-13.76,992,0,0,0,-10.7
2020-05-20 16:00:00,-3.94,-12.83,930,0,0,0,-9.25
2020-05-21 16:00:00,-4.46,-13.46,0,-626.45,0,-9450,-9.42
2020-05-22 16:00:00,-6.65,-16.1,0,-2640,0,0,-10.12
2020-05-25 16:00:00,-6.52,-15.88,220,0,0,0,-10.01
2020-05-26 16:00:00,-5.46,-15.44,440,0,0,0,-10.56
2020-05-27 16:00:00,-6.13,-15.66,0,-220,0,0,-10.15
2020-05-28 16:00:00,-5.86,-14.31,1344.2,0,0,0,-8.98
2020-05-29 16:00:00,-5.6,-14.7,0,-385,0,0,-9.64
2020-06-01 16:00:00,-3.06,-12.94,1760,0,0,0,-10.19
2020-06-02 16:00:00,-2.76,-11.67,1265,0,0,0,-9.16
2020-06-03 16:00:00,-2.76,-11.73,0,-55,0,0,-9.22
2020-06-04 16:00:00,-2.79,-11.56,165,0,0,0,-9.02
2020-06-05 16:00:00,-2.33,-11.45,110,0,0,0,-9.34
2020-06-08 16:00:00,-1.82,-11.29,165,0,0,0,-9.65
2020-06-09 16:00:00,-1.21,-11.01,275,0,0,0,-9.92
2020-06-10 16:00:00,-1.39,-12,0,-990,0,0,-10.76
2020-06-11 16:00:00,-2.46,-14.26,0,-2255,0,0,-12.1
2020-06-12 16:00:00,-2.28,-14.71,0,-451,9044,0,-12.72
2020-06-15 16:00:00,-3.46,-15.76,0,-1054,0,0,-12.74
2020-06-16 16:00:00,-2,-15.33,434,0,0,0,-13.6
2020-06-17 16:00:00,-1.93,-15.57,0,-248,0,0,-13.91
2020-06-18 16:00:00,-1.27,-16.13,0,-558,0,0,-15.05
2020-06-19 16:00:00,0.05,-15.88,248,0,0,0,-15.92
2020-06-22 16:00:00,0.13,-16.88,0,-992,0,0,-16.99
2020-06-23 16:00:00,0.62,-17.12,0,-248,0,0,-17.63
2020-06-24 16:00:00,1.04,-15.88,1240,0,0,0,-16.75
2020-06-29 16:00:00,0.32,-15.88,0,0,0,0,-16.15
2020-06-30 16:00:00,1.64,-15.88,0,0,0,0,-17.24
2020-07-01 16:00:00,3.69,-13.9,1984,0,0,0,-16.96
2020-07-02 16:00:00,5.84,-11.98,1922,0,0,0,-16.84
2020-07-03 16:00:00,7.89,-7.4,4579.51,0,0,-9485,-14.17
2020-07-06 16:00:00,14,-0.21,7191.25,0,0,-8748,-12.46
2020-07-07 16:00:00,14.68,-0.72,0,-514.77,0,-9768,-13.43
2020-07-08 16:00:00,16.54,0.78,1505,0,9150,0,-13.52
2020-07-09 16:00:00,18.17,-0.29,0,-1075.38,0,-9384,-15.62
2020-07-10 16:00:00,16.03,-3.17,0,-2881,0,0,-16.55
2020-07-13 16:00:00,18.46,-2.95,226,0,8832,0,-18.07
2020-07-14 16:00:00,17.33,-3.98,0,-1029,0,0,-18.16
2020-07-15 16:00:00,15.82,-5.99,0,-2009,0,0,-18.83
2020-07-16 16:00:00,10.24,-6.68,0,-695,8592,0,-15.35
2020-07-17 16:00:00,10.94,-6.74,0,-55,0,0,-15.94
2020-07-20 16:00:00,14.25,-3.49,3245,0,0,0,-15.53
2020-07-21 16:00:00,14.51,-4.72,0,-1231.8,0,-8796,-16.79
2020-07-22 16:00:00,15.08,-5.12,0,-392,0,0,-17.55
2020-07-23 16:00:00,15.03,-7.26,0,-2140,9982,0,-19.38
2020-07-24 16:00:00,9.98,-10.11,0,-2856,0,0,-18.27
2020-07-27 16:00:00,10.54,-11.57,0,-1456,0,0,-20
2020-07-28 16:00:00,11.51,-11.01,560,0,0,0,-20.2
2020-07-29 16:00:00,14.22,-9.89,1120,0,0,0,-21.11
2020-07-30 16:00:00,13.66,-10.95,0,-1062,9464,0,-21.65
2020-07-31 16:00:00,14.61,-11.14,0,-189,0,0,-22.47
2020-08-03 16:00:00,16.47,-9.56,1575,0,0,0,-22.35
2020-08-04 16:00:00,16.58,-6.73,2835,0,0,0,-19.99
2020-08-05 16:00:00,16.61,-8.48,0,-1750.66,0,-9660,-21.52
2020-08-06 16:00:00,16.26,-7.69,784,0,0,0,-20.6
2020-08-07 16:00:00,14.92,-8.81,0,-1120,0,0,-20.65
2020-08-10 16:00:00,15.34,-7.41,1400,0,0,0,-19.72
2020-08-11 16:00:00,14.29,-6.41,1008,0,0,0,-18.11
2020-08-12 16:00:00,13.45,-5.15,1252.07,0,0,-9933,-16.39
2020-08-13 16:00:00,13.16,-6.13,0,-980,0,0,-17.05
2020-08-14 16:00:00,14.84,-4.71,1421,0,0,0,-17.02
2020-08-17 16:00:00,17.54,-1.57,3148.25,0,0,-8748,-16.26
2020-08-18 16:00:00,17.48,-1.73,0,-168.11,0,-9108,-16.35
2020-08-19 16:00:00,15.72,-1.92,0,-185,0,0,-15.24
2020-08-20 16:00:00,14.22,-3.81,0,-1887,0,0,-15.79
2020-08-21 16:00:00,15.19,-4.32,0,-518,0,0,-16.94
2020-08-24 16:00:00,16.09,-4.33,0,-4,8712,0,-17.59
2020-08-25 16:00:00,16.24,-3.73,602,0,0,0,-17.18
2020-08-26 16:00:00,14.88,-4.71,0,-989,0,0,-17.05
2020-08-27 16:00:00,15.5,-4.33,387,0,0,0,-17.17
2020-08-28 16:00:00,18.25,-1.45,2881,0,0,0,-16.66
2020-08-31 16:00:00,17.57,-1.56,0,-109.17,0,-9168,-16.27
2020-09-01 16:00:00,18.2,-1.24,313,0,8988,0,-16.45
2020-09-02 16:00:00,18.24,-0.47,774,0,0,0,-15.82
2020-09-03 16:00:00,17.59,-2.05,0,-1580.18,0,-9180,-16.7
2020-09-04 16:00:00,16.44,-1.71,343,0,8850,0,-15.59
2020-09-07 16:00:00,13.98,-1.79,0,-86,0,0,-13.84
2020-09-08 16:00:00,14.59,0.32,2107,0,0,0,-12.45
2020-09-09 16:00:00,11.91,-0.63,0,-946,0,0,-11.21
2020-09-10 16:00:00,11.85,-0.07,559,0,0,0,-10.66
2020-09-11 16:00:00,12.95,-1.49,0,-1419,0,0,-12.78
2020-09-14 16:00:00,13.53,-0.24,1247,0,0,0,-12.13
2020-09-15 16:00:00,14.45,-0.03,215,0,0,0,-12.65
2020-09-16 16:00:00,13.69,0.36,387,0,0,0,-11.72
2020-09-17 16:00:00,13.09,0.92,559,0,0,0,-10.76
2020-09-18 16:00:00,15.64,3.07,2150,0,0,0,-10.87
2020-09-21 16:00:00,14.52,2.22,0,-845.59,0,-9588,-10.74
2020-09-22 16:00:00,13.16,1.15,0,-1073,0,0,-10.61
2020-09-23 16:00:00,13.57,1.37,222,0,0,0,-10.74
2020-09-24 16:00:00,11.39,-0.52,0,-1887,0,0,-10.69
2020-09-25 16:00:00,11.56,-0.26,259,0,0,0,-10.6
2020-09-28 16:00:00,11.85,0.19,444,0,0,0,-10.42
2020-09-29 16:00:00,12.09,-1.7,0,-1887,0,0,-12.3
2020-09-30 16:00:00,11.98,-0.33,1369,0,0,0,-10.99
2020-10-09 16:00:00,14.27,-0.29,37,0,0,0,-12.74
2020-10-12 16:00:00,17.74,2.76,3055,0,9144,0,-12.72
2020-10-13 16:00:00,18.13,3.33,565.47,0,0,-9528,-12.53
2020-10-14 16:00:00,17.34,3.21,0,-111,0,0,-12.04
2020-10-15 16:00:00,17.14,5.18,1961,0,0,0,-10.21
2020-10-16 16:00:00,16.97,6.82,1647.08,0,0,-9924,-8.68
2020-10-19 16:00:00,16.08,7.89,1064.36,0,0,-8640,-7.06
2020-10-20 16:00:00,17.01,8.04,156,0,0,0,-7.67
2020-10-21 16:00:00,17,9.01,962,0,0,0,-6.83
2020-10-22 16:00:00,16.63,8.26,0,-743.96,0,-8960,-7.18
2020-10-23 16:00:00,15.18,9.74,1482,0,8775,0,-4.72
2020-10-26 16:00:00,14.52,8.85,0,-892.09,0,-9090,-4.95
2020-10-27 16:00:00,14.71,8.98,126,0,0,0,-5
2020-10-28 16:00:00,15.64,8.7,0,-273,0,0,-6
2020-10-29 16:00:00,16.51,9.1,394,0,8780,0,-6.36
2020-10-30 16:00:00,14.62,9.05,0,-52,0,0,-4.86
2020-11-02 16:00:00,15.24,8.73,0,-312,0,0,-5.65
2020-11-03 16:00:00,16.62,9.59,858,0,0,0,-6.03
2020-11-04 16:00:00,17.5,10.52,926.84,0,0,-9165,-5.94
2020-11-05 16:00:00,19.25,9.22,0,-1302,0,0,-8.41
2020-11-06 16:00:00,19.26,9.04,0,-176,8865,0,-8.57
2020-11-09 16:00:00,21.6,9.56,520,0,0,0,-9.9
2020-11-10 16:00:00,20.93,10.26,702,0,0,0,-8.82
2020-11-11 16:00:00,19.73,9.65,0,-609.09,0,-9090,-8.42
2020-11-12 16:00:00,19.82,9.25,0,-405,8915,0,-8.82
2020-11-13 16:00:00,18.56,7.87,0,-1383,8720,0,-9.02
2020-11-16 16:00:00,19.71,8.46,589,0,0,0,-9.4
2020-11-17 16:00:00,19.48,9.88,1426,0,0,0,-8.03
2020-11-18 16:00:00,19.41,11.47,1589.12,0,0,-8880,-6.65
2020-11-19 16:00:00,20.3,12.33,859.71,0,0,-9285,-6.63
2020-11-20 16:00:00,20.67,12.35,21,0,0,0,-6.89
2020-11-23 16:00:00,22.18,13.95,1596,0,0,0,-6.74
2020-11-24 16:00:00,21.43,13.51,0,-440.8,0,-9800,-6.52
2020-11-25 16:00:00,19.87,13.03,0,-480,0,0,-5.71
2020-11-26 16:00:00,20.09,13.94,914,0,9535,0,-5.12
2020-11-27 16:00:00,21.58,14.49,545.01,0,0,-9990,-5.83
2020-11-30 16:00:00,21.08,14.55,64,0,0,0,-5.39
2020-12-01 16:00:00,23.69,15.05,496,0,0,0,-6.99
2020-12-02 16:00:00,23.69,14.37,0,-672,0,0,-7.53
2020-12-03 16:00:00,23.45,14.23,0,-144,0,0,-7.47
2020-12-04 16:00:00,23.66,13.75,0,-484,9745,0,-8.01
2020-12-07 16:00:00,22.6,12.93,0,-819,0,0,-7.89
2020-12-08 16:00:00,22.29,12.39,0,-540,9470,0,-8.1
2020-12-09 16:00:00,20.65,12.39,0,0,0,0,-6.85
2020-12-10 16:00:00,20.6,12.23,0,-156,0,0,-6.94
2020-12-11 16:00:00,19.36,11.89,0,-338,0,0,-6.26
2020-12-14 16:00:00,20.46,12.83,936,0,0,0,-6.33
2020-12-15 16:00:00,20.71,12.46,0,-364,0,0,-6.83
2020-12-16 16:00:00,20.93,13.17,702,0,0,0,-6.42
2020-12-17 16:00:00,22.48,13.01,0,-156,0,0,-7.73
2020-12-18 16:00:00,22.05,11.48,0,-1534,0,0,-8.66
2020-12-21 16:00:00,23.2,11.24,0,-233,9160,0,-9.71
2020-12-22 16:00:00,21.19,10.07,0,-1178,0,0,-9.18
2020-12-23 16:00:00,22.23,10.38,310,0,0,0,-9.69
2020-12-24 16:00:00,22.05,11.18,806,0,0,0,-8.91
2020-12-25 16:00:00,23.08,10.5,0,-682,0,0,-10.22
2020-12-28 16:00:00,23.63,13.01,2511,0,0,0,-8.59
2020-12-29 16:00:00,23.1,13.83,817.58,0,0,-9425,-7.53
2020-12-30 16:00:00,24.83,13.91,78,0,0,0,-8.75
2020-12-31 16:00:00,27.21,14.27,364,0,0,0,-10.17
2021-01-04 16:00:00,28.59,12.35,0,-1924,0,0,-12.63
2021-01-05 16:00:00,31.05,11.1,0,-1248,9210,0,-15.22
2021-01-06 16:00:00,32.25,15.41,4309,0,0,0,-12.73
2021-01-07 16:00:00,34.59,16.25,839.25,0,0,-9750,-13.63
2021-01-08 16:00:00,34.15,16.12,0,-130,0,0,-13.44
2021-01-11 16:00:00,32.82,17.28,1163.01,0,0,-9990,-11.7
2021-01-12 16:00:00,36.61,18.58,1302,0,0,0,-13.2
2021-01-13 16:00:00,36.16,18.05,0,-535.39,0,-8388,-13.3
2021-01-14 16:00:00,33.54,17.14,0,-901,0,0,-12.28
2021-01-15 16:00:00,33.24,18.56,1411,0,0,0,-11.02
2021-01-18 16:00:00,34.71,21.45,2890,0,0,0,-9.84
2021-01-19 16:00:00,32.73,20.88,0,-569.99,0,-8992,-8.93
2021-01-20 16:00:00,33.68,21.04,169,0,0,0,-9.46
2021-01-21 16:00:00,35.84,20.73,0,-312,0,0,-11.12
2021-01-22 16:00:00,35.96,20.47,0,-260,0,0,-11.39
2021-01-25 16:00:00,37.33,21.36,889,0,8700,0,-11.63
2021-01-26 16:00:00,34.57,21.1,0,-257.91,0,-8908,-10.01
2021-01-27 16:00:00,34.94,22.03,923,0,0,0,-9.57
2021-01-28 16:00:00,31.26,21.64,0,-389.1,0,-9100,-7.33
2021-01-29 16:00:00,30.64,21.89,252,0,0,0,-6.7
2021-02-01 16:00:00,32.25,23.2,1314,0,0,0,-6.84
2021-02-02 16:00:00,34.28,22.06,0,-1143,0,0,-9.1
2021-02-03 16:00:00,33.9,22.95,888.62,0,0,-9380,-8.18
2021-02-04 16:00:00,33.62,22.77,0,-175,0,0,-8.12
2021-02-05 16:00:00,33.85,22.94,165,0,0,0,-8.15
2021-02-08 16:00:00,35.83,22.87,0,-65,0,0,-9.54
2021-02-09 16:00:00,38.8,22.82,0,-52.9,0,-9904,-11.51
2021-02-10 16:00:00,41.77,22.75,0,-76,0,0,-13.42
2021-02-18 16:00:00,40.81,22.9,151,0,9612,0,-12.72
2021-02-19 16:00:00,41.06,22.67,0,-225,0,0,-13.04
2021-02-22 16:00:00,36.63,21.94,0,-735,0,0,-10.75
2021-02-23 16:00:00,36.2,21.51,0,-422,8964,0,-10.79
2021-02-24 16:00:00,32.73,21.72,207,0,0,0,-8.3
2021-02-25 16:00:00,33.52,21.66,0,-63,0,0,-8.88
2021-02-26 16:00:00,30.27,21.02,0,-639,0,0,-7.1
2021-03-01 16:00:00,32.28,21.08,63,0,0,0,-8.47
2021-03-02 16:00:00,30.59,21.26,180,0,0,0,-7.14
2021-03-03 16:00:00,33.09,22.49,1224,0,0,0,-7.96
2021-03-04 16:00:00,28.91,22.41,0,-81,0,0,-5.04
2021-03-05 16:00:00,28.47,21.88,0,-522,0,0,-5.13
2021-03-08 16:00:00,24.01,21.22,0,-666,0,0,-2.25
2021-03-09 16:00:00,21.35,20.54,0,-675,0,0,-0.67
2021-03-10 16:00:00,22.14,20.14,0,-405,0,0,-1.64
2021-03-11 16:00:00,25.18,20.92,783,0,0,0,-3.4
2021-03-12 16:00:00,25.63,21.11,189,0,0,0,-3.6
2021-03-15 16:00:00,22.92,21.22,108,0,0,0,-1.38
2021-03-16 16:00:00,23.99,21.27,54,0,0,0,-2.19
2021-03-17 16:00:00,24.52,20.86,0,-414,0,0,-2.94
2021-03-18 16:00:00,25.51,21.33,477,0,0,0,-3.33
2021-03-19 16:00:00,22.23,20.2,0,-1134,0,0,-1.66
2021-03-22 16:00:00,23.45,21.17,972,0,0,0,-1.85
2021-03-23 16:00:00,22.28,20.88,0,-288,0,0,-1.14
2021-03-24 16:00:00,20.31,20.25,0,-630,0,0,-0.05
2021-03-25 16:00:00,20.26,20.45,198,0,0,0,0.16
2021-03-26 16:00:00,22.98,20.8,351,0,0,0,-1.77
2021-03-29 16:00:00,23.2,21.12,315,0,0,0,-1.69
2021-03-30 16:00:00,24.37,21.51,396,0,0,0,-2.3
2021-03-31 16:00:00,23.23,21.59,72,0,0,0,-1.33
2021-04-01 16:00:00,24.76,21.38,0,-207,0,0,-2.71
2021-04-02 16:00:00,26,21.03,0,-349,8692,0,-3.94
2021-04-06 16:00:00,25.48,21.26,234,0,0,0,-3.36
2021-04-07 16:00:00,24.59,21.21,0,-52,0,0,-2.71
2021-04-08 16:00:00,24.79,21.11,0,-104,0,0,-2.95
2021-04-09 16:00:00,22.92,20.77,0,-338,0,0,-1.75
2021-04-12 16:00:00,20.78,19.99,0,-780,0,0,-0.65
2021-04-13 16:00:00,20.58,20.09,104,0,0,0,-0.41
2021-04-14 16:00:00,21.58,19.95,0,-143,0,0,-1.34
2021-04-15 16:00:00,20.81,19.55,0,-403,0,0,-1.04
2021-04-16 16:00:00,21.23,19.42,0,-130,0,0,-1.49
2021-04-19 16:00:00,24.18,20.58,1157,0,0,0,-2.9
2021-04-20 16:00:00,24.09,21.5,929,0,8444,0,-2.09
2021-04-21 16:00:00,24.46,23.44,1934.09,0,0,-8908,-0.82
2021-04-22 16:00:00,24.23,23.46,18.74,0,0,-9264,-0.62
2021-04-23 16:00:00,25.36,23.74,279,0,0,0,-1.29
2021-04-26 16:00:00,23.94,23.77,30.46,0,0,-9536,-0.14
2021-04-27 16:00:00,24.26,23.75,0,-21,9192,0,-0.41
2021-04-28 16:00:00,24.96,24.11,369,0,0,0,-0.68
2021-04-29 16:00:00,26.06,24.33,216,0,0,0,-1.37
2021-04-30 16:00:00,25.07,24.06,0,-270,0,0,-0.81
2021-05-06 16:00:00,23.55,24.25,189,0,0,0,0.57
2021-05-07 16:00:00,21.96,24.74,495,0,0,0,2.28
2021-05-10 16:00:00,21.87,24.57,0,-171,0,0,2.22
2021-05-11 16:00:00,22.62,24.28,0,-297,0,0,1.35
2021-05-12 16:00:00,23.14,24.29,18,0,0,0,0.93
2021-05-13 16:00:00,21.88,23.86,0,-432,0,0,1.62
2021-05-14 16:00:00,24.75,24.22,354.6,0,0,0,-0.42
2021-05-17 16:00:00,26.57,24.47,252,0,0,0,-1.66
2021-05-18 16:00:00,26.63,24.69,223.47,0,0,-9528,-1.53
2021-05-19 16:00:00,26.26,24.54,0,-150,0,0,-1.36
2021-05-20 16:00:00,26.6,24.65,110,0,0,0,-1.54
2021-05-21 16:00:00,25.33,24.49,0,-165,0,0,-0.67
2021-05-24 16:00:00,25.85,24.48,0,-5,0,0,-1.09
2021-05-25 16:00:00,29.83,25.04,560,0,0,0,-3.69
2021-05-26 16:00:00,29.88,25.07,30.16,0,0,-9844,-3.7
2021-05-27 16:00:00,30.31,25.05,0,-22,0,0,-4.04
2021-05-28 16:00:00,29.89,25.02,0,-29,0,0,-3.75
2021-05-31 16:00:00,30.15,24.99,0,-30,0,0,-3.96
2021-06-01 16:00:00,30.39,24.96,0,-28,0,0,-4.16
2021-06-02 16:00:00,29.13,24.94,0,-20,9568,0,-3.24
2021-06-03 16:00:00,28.28,24.88,0,-60,0,0,-2.65
2021-06-04 16:00:00,28.94,25.27,385,0,0,0,-2.85
2021-06-07 16:00:00,28.83,25.19,0,-74.78,0,-9780,-2.83
2021-06-08 16:00:00,27.72,25.22,23,0,0,0,-1.96
2021-06-09 16:00:00,27.82,25.23,12,0,0,0,-2.03
2021-06-10 16:00:00,28.68,25.18,0,-45,0,0,-2.72
2021-06-11 16:00:00,27.54,25.1,0,-83,0,0,-1.91
2021-06-15 16:00:00,26.12,25.09,0,-15,0,0,-0.82
2021-06-16 16:00:00,24.02,25.09,4,0,0,0,0.86
2021-06-17 16:00:00,24.54,25.07,0,-16,0,0,0.43
2021-06-18 16:00:00,24.55,25.03,0,-45,0,0,0.39
2021-06-21 16:00:00,24.26,24.98,0,-49,0,0,0.58
2021-06-22 16:00:00,25.04,25.06,81,0,0,0,0.02
2021-06-23 16:00:00,25.65,25.08,17,0,0,0,-0.45
2021-06-24 16:00:00,25.86,25.07,0,-6,0,0,-0.63
2021-06-25 16:00:00,27.91,25.1,28,0,0,0,-2.2
2021-06-28 16:00:00,28.2,24.79,0,-307,9356,0,-2.66
2021-06-29 16:00:00,26.7,24.46,0,-333,9044,0,-1.77
2021-06-30 16:00:00,27.52,24.71,252,0,0,0,-2.2
2021-07-01 16:00:00,27.66,25.23,522,0,0,0,-1.9
2021-07-02 16:00:00,24.03,23.98,0,-1251,0,0,-0.04
2021-07-05 16:00:00,24.15,24.21,225,0,0,0,0.05
2021-07-06 16:00:00,24.08,24.86,648,0,0,0,0.63
2021-07-07 16:00:00,25.48,24.65,0,-207,0,0,-0.66
2021-07-08 16:00:00,24.21,23.71,0,-936,0,0,-0.4
2021-07-09 16:00:00,23.75,23.5,0,-216,0,0,-0.2
2021-07-12 16:00:00,25.29,23.4,0,-99,0,0,-1.51
2021-07-13 16:00:00,25.52,23.36,0,-36,0,0,-1.72
2021-07-14 16:00:00,24.08,22.93,0,-437,8412,0,-0.93
2021-07-15 16:00:00,25.75,24.04,1118,0,0,0,-1.36
2021-07-16 16:00:00,24.37,23.68,0,-364,0,0,-0.55
2021-07-19 16:00:00,24.82,23.51,0,-169,0,0,-1.05
2021-07-20 16:00:00,24.71,22.72,0,-793,0,0,-1.6
2021-07-21 16:00:00,25.57,22.52,0,-195,0,0,-2.43
2021-07-22 16:00:00,25.76,22.39,0,-136,8192,0,-2.68
2021-07-23 16:00:00,24.23,21.91,0,-476,0,0,-1.87
2021-07-26 16:00:00,20.23,19.7,0,-2210,0,0,-0.44
2021-07-27 16:00:00,15.98,17.93,0,-1768,0,0,1.68
2021-07-28 16:00:00,16.21,17.92,0,-17,0,0,1.47
2021-07-29 16:00:00,18.4,18.27,357,0,0,0,-0.11
2021-07-30 16:00:00,17.44,17.81,0,-459,0,0,0.32
2021-08-02 16:00:00,20.44,18.36,544,0,0,0,-1.73
2021-08-03 16:00:00,20.45,18.15,0,-204,0,0,-1.91
2021-08-04 16:00:00,21.54,18.02,0,-136,0,0,-2.9
2021-08-05 16:00:00,20.8,17.8,0,-221,0,0,-2.48
2021-08-06 16:00:00,20.14,18.1,306,0,0,0,-1.7
2021-08-09 16:00:00,21.7,20.14,2040,0,0,0,-1.28
2021-08-10 16:00:00,23.11,21.28,1139,0,0,0,-1.49
2021-08-11 16:00:00,22.43,21.31,31,0,10005,0,-0.91
2021-08-12 16:00:00,21.4,21.49,176,0,0,0,0.07
2021-08-13 16:00:00,20.73,21.49,0,0,0,0,0.63
2021-08-16 16:00:00,20.61,21.62,132,0,0,0,0.84
2021-08-17 16:00:00,18.08,21,0,-616,0,0,2.47
2021-08-18 16:00:00,19.47,23.09,2090,0,0,0,3.03
2021-08-19 16:00:00,18.69,22.48,0,-616,0,0,3.19
2021-08-20 16:00:00,16.42,20.45,0,-2024,0,0,3.46
2021-08-23 16:00:00,18.05,20.19,0,-264,0,0,1.81
2021-08-24 16:00:00,19.33,20.32,132,0,0,0,0.83
2021-08-25 16:00:00,19.57,19.88,0,-440,0,0,0.26
2021-08-26 16:00:00,17.21,18.34,0,-1540,0,0,0.96
2021-08-27 16:00:00,17.83,18.19,0,-154,0,0,0.31
2021-08-30 16:00:00,17.49,16.71,0,-1474,0,0,-0.66
2021-08-31 16:00:00,17.31,16.89,176,0,0,0,-0.36
2021-09-01 16:00:00,18.87,17.07,176,0,0,0,-1.51
2021-09-02 16:00:00,18.87,18.21,1144,0,0,0,-0.56
2021-09-03 16:00:00,18.22,17.42,0,-792,0,0,-0.68
2021-09-06 16:00:00,20.44,18.32,902,0,0,0,-1.76
2021-09-07 16:00:00,21.88,20.36,2043,0,9310,0,-1.25
2021-09-08 16:00:00,21.37,20.32,0,-46.61,0,-9610,-0.87
2021-09-09 16:00:00,21.32,19.81,0,-506,0,0,-1.24
2021-09-10 16:00:00,22.38,23.26,3454,0,0,0,0.72
2021-09-13 16:00:00,21.85,22.51,0,-757.13,0,-8132,0.54
2021-09-14 16:00:00,20.03,21,0,-1512,0,0,0.81
2021-09-15 16:00:00,18.81,21.36,360,0,9665,0,2.15
2021-09-16 16:00:00,17.36,20.34,0,-1012,0,0,2.54
2021-09-17 16:00:00,18.54,19.08,0,-1265,0,0,0.46
2021-09-22 16:00:00,17.7,17.81,0,-1265,0,0,0.09
2021-09-23 16:00:00,18.47,17.12,0,-690,0,0,-1.14
2021-09-24 16:00:00,18.38,16.36,0,-759,0,0,-1.71
2021-09-27 16:00:00,19.06,16.87,506,0,0,0,-1.84
2021-09-28 16:00:00,19.22,17.79,920,0,0,0,-1.2
2021-09-29 16:00:00,18,18.2,414,0,0,0,0.17
2021-09-30 16:00:00,18.79,17.7,0,-506,0,0,-0.92
2021-10-08 16:00:00,20.34,19.33,1633,0,0,0,-0.84
2021-10-11 16:00:00,20.5,21.08,1748,0,0,0,0.48
2021-10-12 16:00:00,19.22,20.96,0,-115,0,0,1.46
2021-10-13 16:00:00,20.59,21.49,529,0,0,0,0.75
2021-10-14 16:00:00,19.94,20.64,0,-851,0,0,0.58
2021-10-15 16:00:00,20.4,21.68,1035,0,0,0,1.06
2021-10-18 16:00:00,19,20.83,0,-851,0,0,1.54
2021-10-19 16:00:00,20.17,21.47,644,0,0,0,1.08
2021-10-20 16:00:00,19.86,20.94,0,-528.87,0,-9865,0.9
2021-10-21 16:00:00,20.3,22.31,1368,0,0,0,1.67
2021-10-22 16:00:00,21.07,22.41,98.94,0,0,-8056,1.11
2021-10-25 16:00:00,21.55,22.71,302,0,9865,0,0.95
2021-10-26 16:00:00,21.15,22.58,0,-133,0,0,1.18
2021-10-27 16:00:00,19.57,22.33,0,-247,0,0,2.31
2021-10-28 16:00:00,18.74,21.95,0,-380,0,0,2.7
2021-10-29 16:00:00,19.83,21.53,0,-418,0,0,1.42
2021-11-01 16:00:00,19.38,21.32,0,-209,0,0,1.63
2021-11-02 16:00:00,18.14,19.02,0,-2299,0,0,0.74
2021-11-03 16:00:00,17.69,18.74,0,-285,0,0,0.89
2021-11-04 16:00:00,18.85,18.44,0,-304,0,0,-0.34
2021-11-05 16:00:00,18.2,18,0,-437,0,0,-0.17
2021-11-08 16:00:00,18.35,17.58,0,-418,0,0,-0.65
2021-11-09 16:00:00,18.31,17.79,209,0,0,0,-0.44
2021-11-10 16:00:00,17.69,17.54,0,-247,0,0,-0.13
2021-11-11 16:00:00,19.58,19.35,1805,0,0,0,-0.19
2021-11-12 16:00:00,19.33,19.16,0,-187,9165,0,-0.14
2021-11-15 16:00:00,19.18,19.54,384,0,0,0,0.3
2021-11-16 16:00:00,19.2,19.04,0,-504,0,0,-0.13
2021-11-17 16:00:00,19.26,18.78,0,-264,0,0,-0.4
2021-11-18 16:00:00,18.09,18.03,0,-744,0,0,-0.05
2021-11-19 16:00:00,19.37,18.87,840,0,0,0,-0.42
2021-11-22 16:00:00,19.91,18.8,0,-72,0,0,-0.93
2021-11-23 16:00:00,19.94,18.22,0,-576,0,0,-1.43
2021-11-24 16:00:00,20.02,18.24,11,0,8895,0,-1.48
2021-11-25 16:00:00,19.53,17.68,0,-551,0,0,-1.55
2021-11-26 16:00:00,18.64,17.39,0,-290,0,0,-1.05
2021-11-29 16:00:00,18.43,17.19,0,-203,0,0,-1.05
2021-11-30 16:00:00,17.95,16.99,0,-203,0,0,-0.81
2021-12-01 16:00:00,18.24,17.57,580,0,0,0,-0.57
2021-12-02 16:00:00,18.54,17.42,0,-145,0,0,-0.94
2021-12-03 16:00:00,19.64,17.6,174,0,0,0,-1.71
2021-12-06 16:00:00,19.43,18.9,1305,0,0,0,-0.44
2021-12-07 16:00:00,20.15,19.84,939.86,0,0,-9140,-0.26
2021-12-08 16:00:00,21.95,19.87,24,0,0,0,-1.71
2021-12-09 16:00:00,23.97,20.42,552,0,0,0,-2.86
2021-12-10 16:00:00,23.4,19.65,0,-768,0,0,-3.04
2021-12-13 16:00:00,24.1,19.39,0,-264,0,0,-3.8
2021-12-14 16:00:00,23.27,17.73,0,-1656,0,0,-4.49
2021-12-15 16:00:00,22.2,17.66,0,-67,8765,0,-3.72
2021-12-16 16:00:00,22.9,18.16,493,0,0,0,-3.86
2021-12-17 16:00:00,20.95,17.72,0,-435,0,0,-2.67
2021-12-20 16:00:00,19.13,17.58,0,-145,0,0,-1.3
2021-12-21 16:00:00,19.94,17.78,203,0,0,0,-1.8
2021-12-22 16:00:00,19.96,17.2,0,-580,0,0,-2.3
2021-12-23 16:00:00,20.8,17,0,-203,0,0,-3.15
2021-12-24 16:00:00,20.13,16.97,0,-29,0,0,-2.63
2021-12-27 16:00:00,20.08,16.71,0,-261,0,0,-2.81
2021-12-28 16:00:00,20.98,16.56,0,-145,0,0,-3.65
2021-12-29 16:00:00,19.21,15.34,0,-1218,0,0,-3.25
2021-12-30 16:00:00,20.14,15.55,203,0,0,0,-3.82
2021-12-31 16:00:00,20.6,14.56,0,-986,0,0,-5.01
2022-01-04 16:00:00,20.05,15.08,522,0,0,0,-4.14
2022-01-05 16:00:00,18.83,16.5,1421,0,0,0,-1.96
2022-01-06 16:00:00,17.62,16.42,0,-87,0,0,-1.02
2022-01-07 16:00:00,17.72,16.65,232,0,0,0,-0.91
2022-01-10 16:00:00,18.25,16.62,0,-29,0,0,-1.38
2022-01-11 16:00:00,17.12,17.26,638,0,0,0,0.12
2022-01-12 16:00:00,18.28,16.07,0,-1189,0,0,-1.87
2022-01-13 16:00:00,16.34,16.01,0,-58,0,0,-0.28
2022-01-14 16:00:00,15.38,14.13,0,-1885,0,0,-1.08
2022-01-17 16:00:00,16.37,13.81,0,-319,0,0,-2.2
2022-01-18 16:00:00,17.5,14.68,870,0,0,0,-2.4
2022-01-19 16:00:00,16.69,14.62,0,-58,0,0,-1.77
2022-01-20 16:00:00,17.74,17.03,2407,0,0,0,-0.6
2022-01-21 16:00:00,16.67,17.08,58,0,0,0,0.35
2022-01-24 16:00:00,16.85,16.65,0,-435,0,0,-0.17
2022-01-25 16:00:00,14.2,15.63,0,-1015,0,0,1.25
2022-01-26 16:00:00,15.03,15.05,0,-580,0,0,0.02
2022-01-27 16:00:00,12.77,14.04,0,-1015,0,0,1.13
2022-01-28 16:00:00,11.4,12.68,0,-1363,0,0,1.15
2022-02-07 16:00:00,13.12,14.3,1624,0,0,0,1.04
2022-02-08 16:00:00,12.5,15.58,1276,0,0,0,2.74
2022-02-09 16:00:00,13.56,15.66,87,0,0,0,1.85
2022-02-10 16:00:00,13.26,16.04,377,0,0,0,2.45
2022-02-11 16:00:00,12.32,16.36,319,0,0,0,3.6
2022-02-14 16:00:00,11.11,14.85,0,-1508,0,0,3.37
2022-02-15 16:00:00,12.29,13.98,0,-870,0,0,1.51
2022-02-16 16:00:00,12.73,14.36,377,0,0,0,1.45
2022-02-17 16:00:00,13,14.39,29,0,0,0,1.23
2022-02-18 16:00:00,13.54,15.4,1015,0,0,0,1.64
2022-02-21 16:00:00,13.13,14.65,0,-754,0,0,1.34
2022-02-22 16:00:00,11.66,13.84,0,-812,0,0,1.95
2022-02-23 16:00:00,12.85,13.72,0,-116,0,0,0.77
2022-02-24 16:00:00,10.56,12.91,0,-812,0,0,2.13
2022-02-25 16:00:00,11.64,12.88,0,-29,0,0,1.11
2022-02-28 16:00:00,11.84,12.44,0,-435,0,0,0.54
2022-03-01 16:00:00,12.77,12.94,493,0,0,0,0.15
2022-03-02 16:00:00,11.77,12.16,0,-779,9486,0,0.35
2022-03-03 16:00:00,11.11,12.26,105,0,0,0,1.04
2022-03-04 16:00:00,9.76,10.93,0,-1330,0,0,1.07
2022-03-07 16:00:00,6.25,8.8,0,-2135,0,0,2.4
2022-03-08 16:00:00,4.12,7.36,0,-1435,0,0,3.11
2022-03-09 16:00:00,3.17,5.72,0,-1645,0,0,2.47
2022-03-10 16:00:00,4.79,8.27,2555,0,0,0,3.32
2022-03-11 16:00:00,5.12,9.43,1155,0,0,0,4.1
2022-03-14 16:00:00,1.91,7.99,0,-1435,0,0,5.97
2022-03-15 16:00:00,-2.75,5.16,0,-2835,0,0,8.13
2022-03-16 16:00:00,1.45,7.36,2205,0,0,0,5.83
2022-03-17 16:00:00,3.44,7.85,490,0,0,0,4.26
2022-03-18 16:00:00,4.13,8.73,875,0,0,0,4.42
2022-03-21 16:00:00,3.96,8.34,0,-385,0,0,4.21
2022-03-22 16:00:00,3.87,10.41,2065,0,0,0,6.3
2022-03-23 16:00:00,4.39,9.78,0,-630,0,0,5.16
2022-03-24 16:00:00,3.78,10.48,700,0,0,0,6.46
2022-03-25 16:00:00,1.9,9.71,0,-770,0,0,7.66
2022-03-28 16:00:00,1.27,9.25,0,-455,0,0,7.88
2022-03-29 16:00:00,0.92,8.66,0,-595,0,0,7.67
2022-03-30 16:00:00,3.85,10.51,1855,0,0,0,6.41
2022-03-31 16:00:00,3.08,11.11,595,0,0,0,7.79
2022-04-01 16:00:00,4.38,12.4,1295,0,0,0,7.68
2022-04-06 16:00:00,4.08,14.64,2240,0,0,0,10.15
2022-04-07 16:00:00,2.75,14.29,0,-351.82,0,-9816,11.23
2022-04-08 16:00:00,3.28,14.64,348,0,0,0,11
2022-04-11 16:00:00,0.09,13.62,0,-1015,0,0,13.52
2022-04-12 16:00:00,2.04,13.25,0,-377,0,0,10.99
2022-04-13 16:00:00,1.05,12.9,0,-348,0,0,11.73
2022-04-14 16:00:00,2.32,13.59,696,0,0,0,11.01
2022-04-15 16:00:00,2.25,14.7,1102,0,0,0,12.18
2022-04-18 16:00:00,1.7,13.19,0,-1508,0,0,11.3
2022-04-19 16:00:00,0.94,12.93,0,-261,0,0,11.88
2022-04-20 16:00:00,-0.63,13.04,116,0,0,0,13.76
2022-04-21 16:00:00,-2.46,12.93,0,-116,0,0,15.78
2022-04-22 16:00:00,-2.03,13.65,725,0,0,0,16
2022-04-25 16:00:00,-6.88,10.14,0,-3509,0,0,18.28
2022-04-26 16:00:00,-7.63,9.8,0,-348,0,0,18.87
2022-04-27 16:00:00,-4.91,12.46,2668,0,0,0,18.27
2022-04-28 16:00:00,-4.28,12.46,0,0,0,0,17.49
2022-04-29 16:00:00,-1.96,11.51,0,-957,0,0,13.74
2022-05-05 16:00:00,-2.11,11.51,0,0,0,0,13.91
2022-05-06 16:00:00,-4.58,10.46,0,-1044,0,0,15.76
2022-05-09 16:00:00,-5.35,9.27,0,-1189,0,0,15.45
2022-05-10 16:00:00,-4.31,9.39,116,0,0,0,14.32
2022-05-11 16:00:00,-2.93,9.51,116,0,0,0,12.82
2022-05-12 16:00:00,-3.36,8.78,0,-725,0,0,12.56
2022-05-13 16:00:00,-2.64,9.45,667,0,0,0,12.42
2022-05-16 16:00:00,-3.42,8.87,0,-580,0,0,12.73
2022-05-17 16:00:00,-2.21,9.74,870,0,0,0,12.22
2022-05-18 16:00:00,-2.56,9.78,39,0,8922,0,12.66
2022-05-19 16:00:00,-2.37,9.35,0,-430,8742,0,12
2022-05-20 16:00:00,-0.46,10.99,1640,0,0,0,11.5
2022-05-23 16:00:00,-1.04,10.33,0,-661.03,0,-9030,11.49
2022-05-24 16:00:00,-3.35,8.82,0,-1505,0,0,12.59
2022-05-25 16:00:00,-2.77,8.74,0,-76,8670,0,11.84
2022-05-26 16:00:00,-2.53,7.92,0,-820,0,0,10.72
2022-05-27 16:00:00,-2.33,7.88,0,-41,0,0,10.45
2022-05-30 16:00:00,-1.65,7.47,0,-410,0,0,9.27
2022-05-31 16:00:00,-0.12,7.85,372,0,9863,0,7.98
2022-06-01 16:00:00,-0.33,7.46,0,-384,0,0,7.82
2022-06-02 16:00:00,-0.17,6.84,0,-624,0,0,7.02
2022-06-06 16:00:00,1.7,7.89,1056,0,0,0,6.09
2022-06-07 16:00:00,2.02,7.85,0,-48,0,0,5.71
2022-06-08 16:00:00,3.01,7.85,0,0,0,0,4.7
2022-06-09 16:00:00,1.93,8.76,912,0,0,0,6.7
2022-06-10 16:00:00,3.48,8.61,0,-144,0,0,4.96
2022-06-13 16:00:00,2.26,6.65,0,-1968,0,0,4.29
2022-06-14 16:00:00,3.07,7.92,1276,0,9611,0,4.71
2022-06-15 16:00:00,4.43,10.85,2933.14,0,0,-9856,6.15
2022-06-16 16:00:00,3.75,9.57,0,-1285.83,0,-8832,5.61
2022-06-17 16:00:00,5.19,9.67,103,0,8604,0,4.26
2022-06-20 16:00:00,5.71,9.14,0,-528,0,0,3.24
2022-06-21 16:00:00,5.59,9.29,144,0,0,0,3.5
2022-06-22 16:00:00,4.25,7.9,0,-1392,0,0,3.5
2022-06-23 16:00:00,6.04,8.47,576,0,0,0,2.29
2022-06-24 16:00:00,7.28,8.62,144,0,0,0,1.25
2022-06-27 16:00:00,8.49,9.86,1248,0,0,0,1.26
2022-06-28 16:00:00,9.62,10.54,672,0,0,0,0.84
2022-06-29 16:00:00,7.93,10.56,28.22,0,0,-8778,2.44
2022-06-30 16:00:00,9.48,11.99,1428,0,0,0,2.29
2022-07-01 16:00:00,9.04,11.76,0,-229.99,0,-8988,2.49
2022-07-04 16:00:00,9.75,11.83,72,0,0,0,1.9
2022-07-05 16:00:00,9.59,11.73,0,-108,0,0,1.95
2022-07-06 16:00:00,7.99,10.36,0,-1368,0,0,2.19
2022-07-07 16:00:00,8.47,9.87,0,-485,8736,0,1.29
2022-07-08 16:00:00,8.11,10.38,504,0,0,0,2.1
2022-07-11 16:00:00,6.3,10.04,0,-336,0,0,3.52
2022-07-12 16:00:00,5.3,9.87,0,-168,0,0,4.34
2022-07-13 16:00:00,5.49,7.98,0,-1890,0,0,2.36
2022-07-14 16:00:00,5.5,5.46,0,-2520,0,0,-0.04
2022-07-15 16:00:00,3.71,4.92,0,-546,0,0,1.17
2022-07-18 16:00:00,4.78,5.55,630,0,0,0,0.73
2022-07-19 16:00:00,4.22,5.67,126,0,0,0,1.39
2022-07-20 16:00:00,4.57,5.55,0,-126,0,0,0.94
2022-07-21 16:00:00,3.4,3.95,0,-1596,0,0,0.53
2022-07-22 16:00:00,3.46,3.88,0,-73.92,0,0,0.41
2022-07-25 16:00:00,2.83,3.92,42,0,0,0,1.06
2022-07-26 16:00:00,3.65,4.3,378,0,0,0,0.63
2022-07-27 16:00:00,3.14,3.79,0,-504,0,0,0.63
2022-07-28 16:00:00,3.15,4.17,378,0,0,0,0.99
2022-07-29 16:00:00,1.79,3.33,0,-840,0,0,1.51
2022-08-01 16:00:00,2.25,2.24,0,-1092,0,0,-0.01
2022-08-02 16:00:00,0.25,1.57,0,-672,0,0,1.32
2022-08-03 16:00:00,-0.72,0.6,0,-966,0,0,1.33
2022-08-04 16:00:00,0.12,1.15,546,0,0,0,1.03
2022-08-05 16:00:00,1.47,1.78,630,0,0,0,0.31
2022-08-08 16:00:00,1.26,1.32,0,-462,0,0,0.06
2022-08-09 16:00:00,1.46,0.98,0,-336,0,0,-0.47
2022-08-10 16:00:00,0.32,0.73,0,-252,0,0,0.41
2022-08-11 16:00:00,2.37,1.95,1218,0,0,0,-0.41
2022-08-12 16:00:00,2.31,2.07,126,0,0,0,-0.23
2022-08-15 16:00:00,2.17,0.94,0,-1134,0,0,-1.2
2022-08-16 16:00:00,1.98,1.02,84,0,0,0,-0.94
2022-08-17 16:00:00,2.94,2.16,1134,0,0,0,-0.76
2022-08-18 16:00:00,2.04,1.32,0,-835,10000,0,-0.71
2022-08-19 16:00:00,1.33,2.92,1600,0,0,0,1.57
2022-08-22 16:00:00,2.07,2.57,0,-350,0,0,0.49
2022-08-23 16:00:00,1.57,1.77,0,-800,0,0,0.2
2022-08-24 16:00:00,-0.35,2.07,300,0,0,0,2.43
2022-08-25 16:00:00,0.48,3.17,1100,0,0,0,2.68
2022-08-26 16:00:00,0.27,3.12,0,-50,0,0,2.84
2022-08-29 16:00:00,-0.17,2.17,0,-950,0,0,2.34
2022-08-30 16:00:00,-0.51,2.47,300,0,0,0,3
2022-08-31 16:00:00,-0.43,3.82,1350,0,0,0,4.27
2022-09-01 16:00:00,-1.29,3.12,0,-700,0,0,4.47
2022-09-02 16:00:00,-1.78,2.62,0,-500,0,0,4.48
2022-09-05 16:00:00,-1.98,2.92,300,0,0,0,5
2022-09-06 16:00:00,-1.08,2.57,0,-350,0,0,3.69
2022-09-07 16:00:00,-1.02,1.72,0,-850,0,0,2.77
2022-09-08 16:00:00,-1.44,1.87,150,0,0,0,3.36
2022-09-09 16:00:00,-0.07,3.67,1800,0,0,0,3.74
2022-09-13 16:00:00,0.35,4.82,1150,0,0,0,4.45
2022-09-14 16:00:00,-0.76,3.71,0,-1113.91,0,-8911,4.5
2022-09-15 16:00:00,-1.7,4.87,1161,0,0,0,6.68
2022-09-16 16:00:00,-4,2.98,0,-1892,0,0,7.27
2022-09-19 16:00:00,-4.12,3.02,43,0,0,0,7.45
2022-09-20 16:00:00,-4,2.03,0,-989,0,0,6.28
2022-09-21 16:00:00,-4.71,2.42,387,0,0,0,7.48
2022-09-22 16:00:00,-5.55,1.81,0,-602,0,0,7.79
2022-09-23 16:00:00,-5.87,1.81,0,0,0,0,8.16
2022-09-26 16:00:00,-6.34,0.57,0,-1247,0,0,7.38
2022-09-27 16:00:00,-4.99,1.21,645,0,0,0,6.53
2022-09-28 16:00:00,-6.54,1.04,0,-172,0,0,8.11
2022-09-29 16:00:00,-6.58,-0.03,0,-1075,0,0,7.01
2022-09-30 16:00:00,-7.12,-0.12,0,-86,0,0,7.54
2022-10-10 16:00:00,-9.17,-1.71,0,-1591,0,0,8.21
2022-10-11 16:00:00,-9,-1.67,43,0,0,0,8.05
2022-10-12 16:00:00,-7.62,-1.15,516,0,0,0,7
2022-10-13 16:00:00,-8.4,-2.27,0,-1118,0,0,6.69
2022-10-14 16:00:00,-6.2,-1.45,817,0,0,0,5.06
2022-10-17 16:00:00,-6.11,-1.67,0,-215,0,0,4.73
2022-10-18 16:00:00,-6.31,-1.67,0,0,0,0,4.95
2022-10-19 16:00:00,-7.81,-2.49,0,-817,0,0,5.77
2022-10-20 16:00:00,-8.34,-2.87,0,-387,0,0,5.97
2022-10-21 16:00:00,-8.63,-3.35,0,-473,0,0,5.78
2022-10-24 16:00:00,-11.31,-5.37,0,-2021,0,0,6.7
2022-10-25 16:00:00,-11.45,-5.24,129,0,0,0,7.01
2022-10-26 16:00:00,-10.73,-5.19,43,0,0,0,6.21
2022-10-27 16:00:00,-11.36,-5.11,86,0,0,0,7.05
2022-10-28 16:00:00,-13.55,-6.23,0,-1118,0,0,8.47
2022-10-31 16:00:00,-14.35,-6.57,0,-344,0,0,9.08
2022-11-01 16:00:00,-11.29,-5.15,1419,0,0,0,6.92
2022-11-02 16:00:00,-10.22,-5.32,0,-172,0,0,5.46
2022-11-03 16:00:00,-10.95,-6.14,0,-817,0,0,5.4
2022-11-04 16:00:00,-8.04,-4.51,1634,0,0,0,3.84
2022-11-07 16:00:00,-7.84,-4.2,307,0,9738,0,3.95
2022-11-08 16:00:00,-8.48,-4.36,0,-156,0,0,4.5
2022-11-09 16:00:00,-9.33,-4.15,208,0,0,0,5.71
2022-11-10 16:00:00,-10.03,-4.25,0,-104,0,0,6.42
2022-11-11 16:00:00,-7.52,-1.34,2912,0,0,0,6.68
2022-11-14 16:00:00,-7.39,1.14,2481.65,0,0,-9352,9.21
2022-11-15 16:00:00,-5.63,1.41,264,0,0,0,7.46
2022-11-16 16:00:00,-6.4,0.67,0,-738.57,0,-9568,7.55
2022-11-17 16:00:00,-6.78,0.2,0,-468,0,0,7.49
2022-11-18 16:00:00,-7.2,-0.16,0,-360,0,0,7.59
2022-11-21 16:00:00,-7.99,-0.66,0,-497,9192,0,7.97
2022-11-22 16:00:00,-7.98,0.93,1584,0,0,0,9.68
2022-11-23 16:00:00,-7.89,0.87,0,-54.42,0,-9416,9.51
2022-11-24 16:00:00,-8.29,0.69,0,-180,0,0,9.79
2022-11-25 16:00:00,-7.83,2.13,1440,0,0,0,10.81
2022-11-28 16:00:00,-8.87,0.84,0,-1296,0,0,10.66
2022-11-29 16:00:00,-6.06,5.08,4248,0,0,0,11.86
2022-11-30 16:00:00,-5.94,5.11,24.98,0,0,-9016,11.75
2022-12-01 16:00:00,-4.93,5.48,370.65,0,0,-9352,10.95
2022-12-02 16:00:00,-5.51,5.04,0,-440,0,0,11.17
2022-12-05 16:00:00,-3.65,6.71,1675,0,9177,0,10.75
2022-12-06 16:00:00,-3.13,6.42,0,-290,0,0,9.86
2022-12-07 16:00:00,-3.37,5.61,0,-812,0,0,9.29
2022-12-08 16:00:00,-3.35,6.22,609,0,0,0,9.9
2022-12-09 16:00:00,-2.4,6.97,747.63,0,0,-9366,9.6
2022-12-12 16:00:00,-3.49,5.67,0,-1298,0,0,9.49
2022-12-13 16:00:00,-3.68,5.96,286,0,0,0,10.01
2022-12-14 16:00:00,-3.46,5.94,0,-22,0,0,9.74
2022-12-15 16:00:00,-3.53,5.65,0,-286,0,0,9.52
2022-12-16 16:00:00,-3.47,6.38,733,0,9128,0,10.2
2022-12-19 16:00:00,-4.96,5.69,0,-695.32,0,-9317,11.21
2022-12-20 16:00:00,-6.53,4.9,0,-782,9093,0,12.23
2022-12-21 16:00:00,-6.49,5.28,377,0,0,0,12.59
2022-12-22 16:00:00,-6.36,5.46,174,0,0,0,12.62
2022-12-23 16:00:00,-6.55,5.54,87,0,0,0,12.94
2022-12-26 16:00:00,-6.18,4.93,0,-609,0,0,11.84
2022-12-27 16:00:00,-5.1,5.92,986,0,0,0,11.61
2022-12-28 16:00:00,-5.5,6.01,87,0,0,0,12.18
2022-12-29 16:00:00,-5.86,5.69,0,-319,0,0,12.27
2022-12-30 16:00:00,-5.49,6.06,377,0,0,0,12.22
2023-01-03 16:00:00,-5.09,7.83,1769,0,0,0,13.61
2023-01-04 16:00:00,-4.97,9.43,1595,0,0,0,15.15
2023-01-05 16:00:00,-3.12,9.89,464,0,0,0,13.43
2023-01-06 16:00:00,-2.82,10.2,308.31,0,0,-8688,13.4
2023-01-09 16:00:00,-2.04,10.62,414,0,0,0,12.92
2023-01-10 16:00:00,-1.93,9.79,0,-828,0,0,11.95
2023-01-11 16:00:00,-2.11,10.32,529,0,0,0,12.7
2023-01-12 16:00:00,-1.92,10.32,0,0,0,0,12.48
2023-01-13 16:00:00,-0.54,10.96,644,0,0,0,11.56
2023-01-16 16:00:00,1.01,11.16,195.04,0,0,-8958,10.05
2023-01-17 16:00:00,0.99,10.97,0,-187,0,0,9.88
2023-01-18 16:00:00,0.82,11.21,238,0,0,0,10.31
2023-01-19 16:00:00,1.45,11.17,0,-34,0,0,9.58
2023-01-20 16:00:00,2.07,11.24,68,0,0,0,8.98
2023-01-30 16:00:00,2.56,11.52,277.65,0,0,-9348,8.74
2023-01-31 16:00:00,1.47,11.17,0,-343,9156,0,9.56
2023-02-01 16:00:00,2.43,10.68,0,-493,0,0,8.05
2023-02-02 16:00:00,2.06,10.41,0,-271,8856,0,8.18
2023-02-03 16:00:00,1.1,9.77,0,-644,0,0,8.58
2023-02-06 16:00:00,-0.24,8.94,0,-825,9884,0,9.2
2023-02-07 16:00:00,-0.06,9.57,630,0,0,0,9.64
2023-02-08 16:00:00,-0.5,9.06,0,-510,0,0,9.61
2023-02-09 16:00:00,0.84,9.33,270,0,0,0,8.42
2023-02-10 16:00:00,0.24,8.88,0,-450,0,0,8.62
2023-02-13 16:00:00,1.15,8.4,0,-480,0,0,7.17
2023-02-14 16:00:00,1.19,8.82,420,0,0,0,7.54
2023-02-15 16:00:00,0.66,7.95,0,-870,0,0,7.24
2023-02-16 16:00:00,-0.08,7.74,0,-210,0,0,7.83
2023-02-17 16:00:00,-1.52,7.23,0,-510,0,0,8.89
2023-02-20 16:00:00,0.9,9.39,2160,0,0,0,8.41
2023-02-21 16:00:00,1.17,9.24,0,-150,0,0,7.98
2023-02-22 16:00:00,0.25,9,0,-240,0,0,8.73
2023-02-23 16:00:00,0.17,9.09,90,0,0,0,8.9
2023-02-24 16:00:00,-0.87,8.52,0,-570,0,0,9.47
2023-02-27 16:00:00,-1.29,8.01,0,-510,0,0,9.42
2023-02-28 16:00:00,-0.66,8.28,270,0,0,0,9
2023-03-01 16:00:00,0.74,9.45,1170,0,0,0,8.65
2023-03-02 16:00:00,0.52,9.66,210,0,0,0,9.09
2023-03-03 16:00:00,0.83,9.81,150,0,0,0,8.91
2023-03-06 16:00:00,0.3,8.49,0,-1320,0,0,8.17
2023-03-07 16:00:00,-1.17,8.01,0,-480,0,0,9.29
2023-03-08 16:00:00,-1.52,7.53,0,-480,0,0,9.19
2023-03-09 16:00:00,-1.87,6.54,0,-990,0,0,8.57
2023-03-10 16:00:00,-3.16,6.36,0,-180,0,0,9.83
2023-03-13 16:00:00,-2.15,6.09,0,-270,0,0,8.42
2023-03-14 16:00:00,-2.73,5.55,0,-540,0,0,8.51
2023-03-15 16:00:00,-2.68,6.09,540,0,0,0,9.01
2023-03-16 16:00:00,-3.84,5.4,0,-690,0,0,9.61
2023-03-17 16:00:00,-3.36,5.19,0,-210,0,0,8.85
2023-03-20 16:00:00,-3.84,4.65,0,-540,0,0,8.83
2023-03-21 16:00:00,-2.79,5.04,390,0,0,0,8.05
2023-03-22 16:00:00,-2.37,5.31,270,0,0,0,7.87
2023-03-23 16:00:00,-1.4,5.64,330,0,0,0,7.14
2023-03-24 16:00:00,-1.7,5.36,0,-280,9009,0,7.18
2023-03-27 16:00:00,-2.05,4.55,0,-814,0,0,6.74
2023-03-28 16:00:00,-2.37,4.7,148,0,0,0,7.24
2023-03-29 16:00:00,-2.21,4.29,0,-407,0,0,6.65
2023-03-30 16:00:00,-1.42,4.84,555,0,0,0,6.35
2023-03-31 16:00:00,-1.11,4.29,0,-555,0,0,5.46
2023-04-03 16:00:00,-0.15,4.87,583,0,8799,0,5.03
2023-04-04 16:00:00,0.16,4.78,0,-88,0,0,4.61
2023-04-06 16:00:00,0,4.48,0,-308,0,0,4.48
2023-04-07 16:00:00,0.65,4.65,176,0,0,0,3.97
2023-04-10 16:00:00,0.2,4.92,264,0,0,0,4.71
2023-04-11 16:00:00,0.09,4.3,0,-616,0,0,4.21
2023-04-12 16:00:00,0.02,4.04,0,-264,0,0,4.02
2023-04-13 16:00:00,-0.67,4.39,352,0,0,0,5.09
2023-04-14 16:00:00,-0.11,4.96,572,0,0,0,5.08
2023-04-17 16:00:00,1.29,6.02,1056,0,0,0,4.67
2023-04-18 16:00:00,1.6,6.25,230.96,0,0,-9037,4.58
2023-04-19 16:00:00,0.68,5.69,0,-555,0,0,4.98
2023-04-20 16:00:00,0.4,5.32,0,-370,0,0,4.9
2023-04-21 16:00:00,-1.56,4.4,0,-925,0,0,6.05
2023-04-24 16:00:00,-2.78,2.92,0,-1480,0,0,5.86
2023-04-25 16:00:00,-3.27,3.58,666,0,0,0,7.08
2023-04-26 16:00:00,-3.35,2.99,0,-592,0,0,6.56
2023-04-27 16:00:00,-2.64,3.51,518,0,0,0,6.32
2023-04-28 16:00:00,-1.65,4.58,1073,0,0,0,6.33
2023-05-04 16:00:00,-1.62,5.25,666,0,0,0,6.98
2023-05-05 16:00:00,-1.95,5.91,666,0,0,0,8.02
2023-05-08 16:00:00,-0.83,7.43,1517,0,0,0,8.33
2023-05-09 16:00:00,-1.68,6.84,0,-592,0,0,8.67
2023-05-10 16:00:00,-2.43,5.65,0,-1184,0,0,8.28
2023-05-11 16:00:00,-2.59,5.69,37,0,0,0,8.5
2023-05-12 16:00:00,-3.88,4.84,0,-851,0,0,9.07
2023-05-15 16:00:00,-2.38,5.62,777,0,0,0,8.2
2023-05-16 16:00:00,-2.89,4.84,0,-777,0,0,7.96
2023-05-17 16:00:00,-3.33,4.36,0,-481,0,0,7.95
2023-05-18 16:00:00,-3.43,4.36,0,0,0,0,8.07
2023-05-19 16:00:00,-3.71,3.8,0,-555,0,0,7.8
2023-05-22 16:00:00,-3.11,3.95,148,0,0,0,7.29
2023-05-23 16:00:00,-4.48,3.32,0,-629,0,0,8.17
2023-05-24 16:00:00,-5.8,2.58,0,-740,0,0,8.9
2023-05-25 16:00:00,-6.01,2.29,0,-296,0,0,8.83
2023-05-26 16:00:00,-6,2.92,629,0,0,0,9.49
2023-05-29 16:00:00,-6.41,2.47,0,-444,0,0,9.49
2023-05-30 16:00:00,-6.32,2.07,0,-407,0,0,8.96
2023-05-31 16:00:00,-7.28,1.07,0,-999,0,0,9.01
2023-06-01 16:00:00,-7.07,1.03,0,-37,0,0,8.72
2023-06-02 16:00:00,-5.73,2.29,1258,0,0,0,8.51
2023-06-05 16:00:00,-6.16,2.21,0,-74,0,0,8.92
2023-06-06 16:00:00,-7.04,1.95,0,-259,0,0,9.67
2023-06-07 16:00:00,-7.5,2.32,370,0,0,0,10.62
2023-06-08 16:00:00,-6.75,2.99,666,0,0,0,10.45
2023-06-09 16:00:00,-6.34,2.1,0,-888,0,0,9.01
2023-06-12 16:00:00,-6.16,1.77,0,-333,0,0,8.45
2023-06-13 16:00:00,-5.66,1.7,0,-74,0,0,7.8
2023-06-14 16:00:00,-5.68,1.43,0,-266.4,0,0,7.54
2023-06-15 16:00:00,-4.18,2.03,601,0,9200,0,6.48
2023-06-16 16:00:00,-3.25,2.12,90,0,0,0,5.55
2023-06-19 16:00:00,-4.04,1.31,0,-810,0,0,5.58
2023-06-20 16:00:00,-4.21,0.91,0,-405,0,0,5.35
2023-06-21 16:00:00,-5.68,0.86,0,-45,0,0,6.93
2023-06-26 16:00:00,-7,0.1,0,-765,0,0,7.63
2023-06-27 16:00:00,-6.13,0.55,450,0,0,0,7.12
2023-06-28 16:00:00,-6.24,0.64,90,0,0,0,7.34
2023-06-29 16:00:00,-6.71,0.1,0,-540,0,0,7.3
2023-06-30 16:00:00,-6.2,0.32,225,0,0,0,6.95
2023-07-03 16:00:00,-4.97,1.49,1170,0,0,0,6.8
2023-07-04 16:00:00,-4.82,1.09,0,-405,0,0,6.21
2023-07-05 16:00:00,-5.56,0.82,0,-270,0,0,6.76
2023-07-06 16:00:00,-6.2,0.37,0,-450,0,0,7
2023-07-07 16:00:00,-6.61,0.19,0,-180,0,0,7.28
2023-07-10 16:00:00,-6.16,0.19,0,0,0,0,6.77
2023-07-11 16:00:00,-5.54,0.23,45,0,0,0,6.11
2023-07-12 16:00:00,-6.18,0.36,130,0,8992,0,6.97
2023-07-13 16:00:00,-4.84,1.37,1007,0,0,0,6.53
2023-07-14 16:00:00,-4.82,1.53,159,0,0,0,6.67
2023-07-17 16:00:00,-5.6,0.73,0,-795,0,0,6.71
2023-07-18 16:00:00,-5.9,0.41,0,-318,0,0,6.71
2023-07-19 16:00:00,-6,0.73,318,0,0,0,7.16
2023-07-20 16:00:00,-6.66,0.78,53,0,0,0,7.97
2023-07-21 16:00:00,-6.7,0.89,106,0,0,0,8.14
2023-07-24 16:00:00,-7.11,0.47,0,-424,0,0,8.16
2023-07-25 16:00:00,-4.43,2.9,2438,0,0,0,7.67
2023-07-26 16:00:00,-4.63,2.6,0,-303.31,0,-9312,7.58
2023-07-27 16:00:00,-4.74,2.96,360,0,0,0,8.08
2023-07-28 16:00:00,-2.53,5.26,2295,0,0,0,7.99
2023-07-31 16:00:00,-2,5.48,223.18,0,0,-9824,7.63
2023-08-01 16:00:00,-2.41,4.89,0,-592,0,0,7.48
2023-08-02 16:00:00,-3.09,4.41,0,-481,0,0,7.74
2023-08-03 16:00:00,-2.24,5.78,1369,0,9600,0,8.2
2023-08-04 16:00:00,-1.86,5.71,0,-69.92,0,-9920,7.71
2023-08-07 16:00:00,-2.6,5.19,0,-518,0,0,8
2023-08-08 16:00:00,-2.85,4.94,0,-251,9704,0,8.02
2023-08-09 16:00:00,-3.15,5.25,315,0,0,0,8.67
2023-08-10 16:00:00,-2.95,5.21,0,-45,0,0,8.41
2023-08-11 16:00:00,-5.18,3.99,0,-1215,0,0,9.67
2023-08-14 16:00:00,-5.87,3,0,-990,0,0,9.42
2023-08-15 16:00:00,-6.1,3.27,270,0,0,0,9.98
2023-08-16 16:00:00,-6.79,3.27,0,0,0,0,10.79
2023-08-17 16:00:00,-6.48,2.55,0,-720,0,0,9.66
2023-08-18 16:00:00,-7.63,2.51,0,-45,0,0,10.98
2023-08-21 16:00:00,-8.96,1.43,0,-1080,0,0,11.41
2023-08-22 16:00:00,-8.26,1.65,225,0,0,0,10.8
2023-08-23 16:00:00,-9.76,1.11,0,-540,0,0,12.05
2023-08-24 16:00:00,-9.11,0.57,0,-540,0,0,10.65
2023-08-25 16:00:00,-9.46,1.02,450,0,0,0,11.57
2023-08-28 16:00:00,-8.4,2.33,1305,0,0,0,11.71
2023-08-29 16:00:00,-7.48,1.38,0,-945,0,0,9.58
2023-08-30 16:00:00,-7.52,0.57,0,-810,0,0,8.75
2023-08-31 16:00:00,-8.09,0.57,0,0,0,0,9.42
2023-09-01 16:00:00,-7.45,1.43,855,0,0,0,9.59
2023-09-04 16:00:00,-6.04,2.51,1080,0,0,0,9.1
2023-09-05 16:00:00,-6.74,1.64,0,-866,9208,0,8.99
2023-09-06 16:00:00,-6.95,1.85,212,0,0,0,9.46
2023-09-07 16:00:00,-8.25,1.32,0,-530,0,0,10.43
2023-09-08 16:00:00,-8.7,1,0,-318,0,0,10.62
2023-09-11 16:00:00,-8.03,1.38,371,0,0,0,10.23
2023-09-12 16:00:00,-8.2,1.06,0,-318,0,0,10.09
2023-09-13 16:00:00,-8.79,0.9,0,-159,0,0,10.62
2023-09-14 16:00:00,-8.86,1.11,212,0,0,0,10.94
2023-09-15 16:00:00,-9.47,0.74,0,-371,0,0,11.28
2023-09-18 16:00:00,-9,0.79,53,0,0,0,10.76
2023-09-19 16:00:00,-9.18,0.69,0,-106,0,0,10.87
2023-09-20 16:00:00,-9.54,0.37,0,-318,0,0,10.96
2023-09-21 16:00:00,-10.35,-0.16,0,-530,0,0,11.37
2023-09-22 16:00:00,-8.73,0.85,1007,0,0,0,10.5
2023-09-25 16:00:00,-9.32,0.74,0,-106,0,0,11.09
2023-09-26 16:00:00,-9.85,0.42,0,-318,0,0,11.39
2023-09-27 16:00:00,-9.67,0.47,53,0,0,0,11.23
2023-09-28 16:00:00,-9.94,0.63,159,0,0,0,11.74
2023-10-09 16:00:00,-10.05,0.16,0,-477,0,0,11.35
2023-10-10 16:00:00,-10.73,-0.32,0,-477,0,0,11.66
2023-10-11 16:00:00,-10.47,-0.53,0,-212,0,0,11.1
2023-10-12 16:00:00,-9.62,0.16,689,0,0,0,10.82
2023-10-13 16:00:00,-10.57,-0.43,0,-583,0,0,11.34
2023-10-16 16:00:00,-11.47,-0.37,53,0,0,0,12.54
2023-10-17 16:00:00,-11.16,-0.32,53,0,0,0,12.2
2023-10-18 16:00:00,-11.86,-0.69,0,-371,0,0,12.67
2023-10-19 16:00:00,-13.74,-2.55,0,-1855,0,0,12.97
2023-10-20 16:00:00,-14.3,-2.55,0,0,0,0,13.71
2023-10-23 16:00:00,-15.19,-3.08,0,-530,0,0,14.28
2023-10-24 16:00:00,-14.88,-2.81,265,0,0,0,14.18
2023-10-25 16:00:00,-14.45,-3.71,0,-901,0,0,12.55
2023-10-26 16:00:00,-14.22,-3.55,159,0,0,0,12.44
2023-10-27 16:00:00,-13.04,-3.34,212,0,0,0,11.15
2023-10-30 16:00:00,-12.52,-3.34,0,0,0,0,10.49
2023-10-31 16:00:00,-12.79,-3.29,53,0,0,0,10.89
2023-11-01 16:00:00,-12.83,-3.18,106,0,0,0,11.07
2023-11-02 16:00:00,-13.24,-3.18,0,0,0,0,11.6
2023-11-03 16:00:00,-12.51,-3.18,0,0,0,0,10.66
2023-11-06 16:00:00,-11.33,-2.07,1113,0,0,0,10.44
2023-11-07 16:00:00,-11.64,-2.61,0,-545,9603,0,10.22
2023-11-08 16:00:00,-11.85,-3.23,0,-620,0,0,9.78
2023-11-09 16:00:00,-11.81,-3.3,0,-62,0,0,9.65
2023-11-10 16:00:00,-12.45,-4.47,0,-1178,0,0,9.11
2023-11-13 16:00:00,-12.62,-4.85,0,-378,9288,0,8.89
2023-11-14 16:00:00,-12.56,-4.71,142,0,0,0,8.98
2023-11-15 16:00:00,-11.94,-4,710,0,0,0,9.02
2023-11-16 16:00:00,-12.8,-4.92,0,-923,0,0,9.04
2023-11-17 16:00:00,-12.9,-5.56,0,-639,0,0,8.43
2023-11-20 16:00:00,-12.7,-5.28,284,0,0,0,8.5
2023-11-21 16:00:00,-12.58,-4.64,639,0,0,0,9.08
2023-11-22 16:00:00,-13.48,-5.49,0,-852,0,0,9.23
2023-11-23 16:00:00,-13.06,-5.56,0,-71,0,0,8.63
2023-11-24 16:00:00,-13.64,-5.92,0,-355,0,0,8.94
2023-11-27 16:00:00,-14.27,-6.56,0,-639,0,0,8.99
2023-11-28 16:00:00,-14.11,-6.98,0,-426,0,0,8.3
2023-11-29 16:00:00,-14.85,-8.62,0,-1633,0,0,7.32
2023-11-30 16:00:00,-14.66,-8.9,0,-284,0,0,6.75
2023-12-01 16:00:00,-14.98,-9.04,0,-142,0,0,6.99
2023-12-04 16:00:00,-15.54,-9.25,0,-213,0,0,7.45
2023-12-05 16:00:00,-17.14,-10.32,0,-1065,0,0,8.23
2023-12-06 16:00:00,-17.01,-10.18,142,0,0,0,8.23
2023-12-07 16:00:00,-17.22,-10.6,0,-426,0,0,8
2023-12-08 16:00:00,-17.02,-11.6,0,-994,0,0,6.53
2023-12-11 16:00:00,-16.53,-11.24,355,0,0,0,6.34
2023-12-12 16:00:00,-16.35,-10.75,497,0,0,0,6.69
2023-12-13 16:00:00,-17.75,-12.59,0,-1846,0,0,6.27
2023-12-14 16:00:00,-18.18,-12.66,0,-71,0,0,6.75
2023-12-15 16:00:00,-18.43,-12.24,426,0,0,0,7.59
2023-12-18 16:00:00,-18.73,-12.8,0,-568,0,0,7.3
2023-12-19 16:00:00,-18.61,-13.02,0,-213,0,0,6.87
2023-12-20 16:00:00,-19.51,-13.51,0,-497,0,0,7.45
2023-12-21 16:00:00,-18.69,-12.52,994,0,0,0,7.59
2023-12-22 16:00:00,-18.54,-12.31,213,0,0,0,7.65
2023-12-25 16:00:00,-18.29,-12.38,0,-71,0,0,7.23
2023-12-26 16:00:00,-18.84,-13.02,0,-639,0,0,7.17
2023-12-27 16:00:00,-18.56,-12.88,142,0,0,0,6.97
2023-12-28 16:00:00,-16.65,-10.53,2343,0,0,0,7.34
2023-12-29 16:00:00,-16.24,-11,0,-471,9430,0,6.26
2024-01-02 16:00:00,-17.34,-12.46,0,-1458,0,0,5.9
2024-01-03 16:00:00,-17.53,-12.55,0,-86,9200,0,6.04
2024-01-04 16:00:00,-18.3,-13.37,0,-819,0,0,6.03
2024-01-05 16:00:00,-18.73,-11.91,1456,0,0,0,8.39
2024-01-08 16:00:00,-19.79,-13,0,-1092,0,0,8.47
2024-01-09 16:00:00,-19.63,-12.73,273,0,0,0,8.59
2024-01-10 16:00:00,-20,-13.55,0,-819,0,0,8.06
2024-01-11 16:00:00,-19.55,-12.82,728,0,0,0,8.37
2024-01-12 16:00:00,-19.83,-12.64,182,0,0,0,8.97
2024-01-15 16:00:00,-19.91,-12.46,182,0,0,0,9.3
2024-01-16 16:00:00,-19.42,-11.27,1183,0,0,0,10.11
2024-01-17 16:00:00,-21.18,-12.27,0,-1001,0,0,11.3
2024-01-18 16:00:00,-20.06,-12.55,0,-273,0,0,9.39
2024-01-19 16:00:00,-20.18,-12.82,0,-273,0,0,9.22
2024-01-22 16:00:00,-21.42,-13.46,0,-637,0,0,10.13
2024-01-23 16:00:00,-21.11,-12.91,546,0,0,0,10.39
2024-01-24 16:00:00,-20,-11.36,1547,0,0,0,10.8
2024-01-25 16:00:00,-18.4,-9.82,1547,0,0,0,10.51
2024-01-26 16:00:00,-18.62,-8.9,917.54,0,0,-9460,11.94
2024-01-29 16:00:00,-19.35,-8.29,613.32,0,0,-9680,13.71
2024-01-30 16:00:00,-20.79,-9.71,0,-1420,0,0,13.99
2024-01-31 16:00:00,-21.51,-9.99,0,-284,0,0,14.68
2024-02-01 16:00:00,-21.45,-10.35,0,-355,0,0,14.13
2024-02-02 16:00:00,-22.38,-11.34,0,-994,0,0,14.22
2024-02-05 16:00:00,-21.88,-10.56,781,0,0,0,14.49
2024-02-06 16:00:00,-19.16,-8.43,2130,0,0,0,13.27
2024-02-07 16:00:00,-18.38,-8.93,0,-497,0,0,11.58
2024-02-08 16:00:00,-17.86,-8.5,426,0,0,0,11.4
2024-02-19 16:00:00,-16.91,-7.51,994,0,0,0,11.31
2024-02-20 16:00:00,-16.74,-7.43,71,0,0,0,11.18
2024-02-21 16:00:00,-15.62,-0.48,6958,0,0,0,17.94
2024-02-22 16:00:00,-14.89,-0.02,461.42,0,0,-9576,17.47
2024-02-23 16:00:00,-14.81,-0.32,0,-306.78,0,-9783,17.01
2024-02-26 16:00:00,-15.7,-2.02,0,-1696,0,0,16.23
2024-02-27 16:00:00,-14.69,-2.18,0,-164,9450,0,14.66
2024-02-28 16:00:00,-15.78,-2.24,0,-62,0,0,16.08
2024-02-29 16:00:00,-14.17,-1.62,620,0,0,0,14.62
2024-03-01 16:00:00,-13.64,-2.24,0,-620,0,0,13.2
2024-03-04 16:00:00,-13.57,-3.24,0,-992,0,0,11.95
2024-03-05 16:00:00,-12.96,-2.62,620,0,0,0,11.88
2024-03-06 16:00:00,-13.32,-3.24,0,-620,0,0,11.63
2024-03-07 16:00:00,-13.84,-2.93,310,0,0,0,12.66
2024-03-08 16:00:00,-13.47,-2.93,0,0,0,0,12.18
2024-03-11 16:00:00,-12.38,-2.37,558,0,0,0,11.42
2024-03-12 16:00:00,-12.18,-1.81,558,0,0,0,11.81
2024-03-13 16:00:00,-12.8,-3.24,0,-1426,0,0,10.96
2024-03-14 16:00:00,-13.04,-3.86,0,-620,0,0,10.56
2024-03-15 16:00:00,-12.85,-1.56,2294,0,0,0,12.95
2024-03-18 16:00:00,-12.04,-1.93,0,-372,0,0,11.49
2024-03-19 16:00:00,-12.67,-2.8,0,-868,0,0,11.3
2024-03-20 16:00:00,-12.48,-2.49,310,0,0,0,11.41
2024-03-21 16:00:00,-12.58,-2.37,124,0,0,0,11.68
2024-03-22 16:00:00,-13.46,-3.05,0,-682,0,0,12.03
2024-03-25 16:00:00,-13.93,-2.8,248,0,0,0,12.93
2024-03-26 16:00:00,-13.49,-1.56,1240,0,0,0,13.79
2024-03-27 16:00:00,-14.49,-2,0,-434,0,0,14.61
2024-03-28 16:00:00,-14.05,-2.24,0,-248,0,0,13.74
2024-03-29 16:00:00,-13.65,-2.06,186,0,0,0,13.42
2024-04-01 16:00:00,-12.23,-1.31,744,0,0,0,12.44
2024-04-02 16:00:00,-12.59,-1.87,0,-558,0,0,12.26
2024-04-03 16:00:00,-12.91,-2.43,0,-558,0,0,12.03
2024-04-08 16:00:00,-13.67,-2.62,0,-186,0,0,12.8
2024-04-09 16:00:00,-13.75,-2.8,0,-186,0,0,12.7
2024-04-10 16:00:00,-14.45,-3.55,0,-744,0,0,12.74
2024-04-11 16:00:00,-14.46,-3.73,0,-186,0,0,12.54
2024-04-12 16:00:00,-15.15,-4.91,0,-1178,0,0,12.07
2024-04-15 16:00:00,-13.36,-3.48,1426,0,0,0,11.4
2024-04-16 16:00:00,-14.29,-3.56,0,-76,9261,0,12.52
2024-04-17 16:00:00,-12.97,-1.15,2414,0,0,0,13.58
2024-04-18 16:00:00,-12.86,-0.09,1056.49,0,0,-9513,14.65
2024-04-19 16:00:00,-13.55,-0.77,0,-682,0,0,14.78
2024-04-22 16:00:00,-13.81,-1.95,0,-1178,0,0,13.76
2024-04-23 16:00:00,-14.41,-1.7,248,0,0,0,14.85
2024-04-24 16:00:00,-14.04,-1.76,0,-62,0,0,14.29
2024-04-25 16:00:00,-13.82,-1.27,496,0,0,0,14.56
2024-04-26 16:00:00,-12.51,-1.33,0,-62,0,0,12.78
2024-04-29 16:00:00,-11.54,-0.03,1302,0,0,0,13.01
2024-04-30 16:00:00,-12.01,-0.17,0,-138.71,0,-9711,13.46
2024-05-06 16:00:00,-10.71,0.36,530,0,0,0,12.4
2024-05-07 16:00:00,-10.68,0.31,0,-53,0,0,12.3
2024-05-08 16:00:00,-11.38,-0.48,0,-795,0,0,12.3
2024-05-09 16:00:00,-10.55,-0.33,159,0,0,0,11.43
2024-05-10 16:00:00,-10.5,0.63,954,0,0,0,12.44
2024-05-13 16:00:00,-10.54,0.79,159,0,0,0,12.66
2024-05-14 16:00:00,-10.73,0.47,0,-318,0,0,12.55
2024-05-15 16:00:00,-11.49,0.05,0,-424,0,0,13.04
2024-05-16 16:00:00,-11.14,1.85,1802,0,0,0,14.62
2024-05-17 16:00:00,-10.22,2.96,1111.06,0,0,-8936,14.68
2024-05-20 16:00:00,-9.9,2.8,0,-162.14,0,-9136,14.1
2024-05-21 16:00:00,-10.26,3.43,629,0,0,0,15.26
2024-05-22 16:00:00,-10.06,3.46,37,0,0,0,15.03
2024-05-23 16:00:00,-11.1,2.87,0,-592,0,0,15.71
2024-05-24 16:00:00,-12.09,2.54,0,-333,0,0,16.64
2024-05-27 16:00:00,-11.25,3.28,740,0,0,0,16.37
2024-05-28 16:00:00,-11.9,2.87,0,-407,0,0,16.77
2024-05-29 16:00:00,-11.79,2.35,0,-518,0,0,16.03
2024-05-30 16:00:00,-12.26,1.83,0,-518,0,0,16.06
2024-05-31 16:00:00,-12.61,1.8,0,-37,0,0,16.49
2024-06-03 16:00:00,-12.4,1.32,0,-481,0,0,15.66
2024-06-04 16:00:00,-11.74,1.46,148,0,0,0,14.96
2024-06-05 16:00:00,-12.25,0.91,0,-555,0,0,15
2024-06-06 16:00:00,-12.31,1.02,111,0,0,0,15.2
2024-06-07 16:00:00,-12.75,1.35,333,0,0,0,16.16
2024-06-11 16:00:00,-13.52,0.91,0,-444,0,0,16.69
2024-06-12 16:00:00,-13.49,0.95,37,0,0,0,16.69
2024-06-13 16:00:00,-13.93,0.65,0,-296,0,0,16.94
2024-06-14 16:00:00,-13.55,0.48,0,-165.76,0,0,16.23
2024-06-17 16:00:00,-13.68,0.19,0,-296,0,0,16.07
2024-06-18 16:00:00,-13.45,0.11,0,-74,0,0,15.67
2024-06-19 16:00:00,-13.86,0.37,259,0,0,0,16.52
2024-06-20 16:00:00,-14.48,0,0,-370,0,0,16.93
2024-06-21 16:00:00,-14.67,-0.18,0,-185,0,0,16.98
2024-06-24 16:00:00,-15.13,-0.26,0,-74,0,0,17.52
2024-06-25 16:00:00,-15.59,0.11,370,0,0,0,18.6
2024-06-26 16:00:00,-15.04,0.11,0,0,0,0,17.83
2024-06-27 16:00:00,-15.68,0.3,185,0,0,0,18.95
2024-06-28 16:00:00,-15.5,0.37,74,0,0,0,18.78
2024-07-01 16:00:00,-15.1,1.11,740,0,0,0,19.09
2024-07-02 16:00:00,-15.25,1.3,185,0,0,0,19.53
2024-07-03 16:00:00,-15.46,0.97,0,-333,0,0,19.43
2024-07-04 16:00:00,-15.89,0.78,0,-185,0,0,19.82
2024-07-05 16:00:00,-16.25,-0.29,0,-1073,0,0,19.06
2024-07-08 16:00:00,-16.96,-0.44,0,-148,0,0,19.89
2024-07-09 16:00:00,-16.03,0.08,518,0,0,0,19.19
2024-07-10 16:00:00,-16.3,0.34,259,0,0,0,19.88
2024-07-11 16:00:00,-15.34,0.3,0,-37,0,0,18.47
2024-07-12 16:00:00,-15.24,0.97,666,0,0,0,19.12
2024-07-15 16:00:00,-15.14,1.04,74,0,0,0,19.07
2024-07-16 16:00:00,-14.6,0.89,0,-152,9306,0,18.14
2024-07-17 16:00:00,-14.52,1.35,460,0,0,0,18.57
2024-07-18 16:00:00,-14.05,1.39,46,0,0,0,17.96
2024-07-19 16:00:00,-13.61,1.21,0,-184,0,0,17.15
2024-07-22 16:00:00,-14.2,0.57,0,-644,0,0,17.21
2024-07-23 16:00:00,-16.03,0.34,0,-230,0,0,19.5
2024-07-24 16:00:00,-16.56,0.11,0,-230,0,0,19.98
2024-07-25 16:00:00,-17.02,-0.08,0,-184,0,0,20.41
2024-07-26 16:00:00,-16.78,-0.35,0,-276,0,0,19.74
2024-07-29 16:00:00,-17.23,0.01,368,0,0,0,20.83
2024-07-30 16:00:00,-17.75,-0.12,0,-138,0,0,21.43
2024-07-31 16:00:00,-15.98,0.75,874,0,0,0,19.91
2024-08-01 16:00:00,-16.53,0.75,0,0,0,0,20.7
2024-08-02 16:00:00,-17.38,0.15,0,-598,0,0,21.22
2024-08-05 16:00:00,-18.39,-0.26,0,-414,0,0,22.22
2024-08-06 16:00:00,-18.4,-0.81,0,-552,0,0,21.56
2024-08-07 16:00:00,-18.43,-0.81,0,0,0,0,21.6
2024-08-08 16:00:00,-18.4,-0.77,46,0,0,0,21.61
2024-08-09 16:00:00,-18.67,-0.31,460,0,0,0,22.57
2024-08-12 16:00:00,-18.81,-0.45,0,-138,0,0,22.61
2024-08-13 16:00:00,-18.61,-0.72,0,-276,0,0,21.98
2024-08-14 16:00:00,-19.22,-0.86,0,-138,0,0,22.73
2024-08-15 16:00:00,-18.42,-0.35,506,0,0,0,22.15
2024-08-16 16:00:00,-18.33,0.11,460,0,0,0,22.58
2024-08-19 16:00:00,-18.05,0.84,736,0,0,0,23.05
2024-08-20 16:00:00,-18.65,1.07,230,0,0,0,24.24
2024-08-21 16:00:00,-18.92,1.12,46,0,0,0,24.72
2024-08-22 16:00:00,-19.12,1.26,138,0,0,0,25.2
2024-08-23 16:00:00,-18.78,1.67,414,0,0,0,25.18
2024-08-26 16:00:00,-18.85,1.76,92,0,0,0,25.4
2024-08-27 16:00:00,-19.31,1.49,0,-276,0,0,25.78
2024-08-28 16:00:00,-19.77,1.03,0,-460,0,0,25.93
2024-08-29 16:00:00,-19.99,0.11,0,-920,0,0,25.12
2024-08-30 16:00:00,-18.92,0.24,138,0,0,0,23.63
2024-09-02 16:00:00,-20.3,0.01,0,-230,0,0,25.48
2024-09-03 16:00:00,-20.09,-0.12,0,-138,0,0,24.99
2024-09-04 16:00:00,-20.61,-0.4,0,-276,0,0,25.46
2024-09-05 16:00:00,-20.48,-0.17,230,0,0,0,25.54
2024-09-06 16:00:00,-21.12,-0.12,46,0,0,0,26.62
2024-09-09 16:00:00,-22.06,-1.18,0,-1058,0,0,26.79
2024-09-10 16:00:00,-21.99,-0.95,230,0,0,0,26.97
2024-09-11 16:00:00,-22.22,-2.1,0,-1150,0,0,25.87
2024-09-12 16:00:00,-22.56,-1.69,414,0,0,0,26.95
2024-09-13 16:00:00,-22.88,-1.87,0,-184,0,0,27.24
2024-09-18 16:00:00,-22.59,-1.55,322,0,0,0,27.18
2024-09-19 16:00:00,-21.98,-1.37,184,0,0,0,26.42
2024-09-20 16:00:00,-21.86,-0.95,414,0,0,0,26.76
2024-09-23 16:00:00,-21.57,-0.31,644,0,0,0,27.11
2024-09-24 16:00:00,-18.18,1.21,1518,0,0,0,23.7
2024-09-25 16:00:00,-16.97,1.81,598,0,0,0,22.62
2024-09-26 16:00:00,-13.46,4.8,2990,0,0,0,21.1
2024-09-27 16:00:00,-9.59,5.96,1163.93,0,0,-9072,17.2
2024-09-30 16:00:00,-1.92,8.47,2507.71,0,0,-9288,10.59
2024-10-08 16:00:00,3.89,10.84,2366.61,0,0,-9387,6.69
2024-10-09 16:00:00,-3.43,7.39,0,-3444,8855,0,11.2
2024-10-10 16:00:00,-2.41,9.16,1765.4,0,9304,0,11.86
2024-10-11 16:00:00,-5.11,8.37,0,-786.59,0,-9592,14.21
2024-10-14 16:00:00,-3.3,9.27,900,0,0,0,13
2024-10-15 16:00:00,-5.87,8.91,0,-360,0,0,15.7
2024-10-16 16:00:00,-6.47,9.39,480,0,0,0,16.96
2024-10-17 16:00:00,-7.53,9.06,0,-330,0,0,17.94
2024-10-18 16:00:00,-4.18,9.33,270,0,0,0,14.1
2024-10-21 16:00:00,-3.94,8.64,0,-690,0,0,13.1
2024-10-22 16:00:00,-3.39,8.59,0,-49,9416,0,12.4
2024-10-23 16:00:00,-3.01,8.86,266,0,0,0,12.24
2024-10-24 16:00:00,-4.09,8.44,0,-418,0,0,13.06
2024-10-25 16:00:00,-3.42,8.29,0,-152,0,0,12.12
2024-10-28 16:00:00,-3.23,8.02,0,-266,0,0,11.63
2024-10-29 16:00:00,-4.2,7.64,0,-380,0,0,12.36
2024-10-30 16:00:00,-5.06,6.65,0,-993,9208,0,12.33
2024-10-31 16:00:00,-5.02,6.92,276,0,0,0,12.57
2024-11-01 16:00:00,-5.04,7.15,230,0,0,0,12.84
2024-11-04 16:00:00,-3.71,7.29,138,0,0,0,11.42
2024-11-05 16:00:00,-1.27,8.17,874,0,0,0,9.56
2024-11-06 16:00:00,-1.76,7.71,0,-460,0,0,9.64
2024-11-07 16:00:00,1.2,9.36,1656,0,0,0,8.06
2024-11-08 16:00:00,0.18,8.64,0,-720.54,0,-9544,8.44
2024-11-11 16:00:00,0.84,8.15,0,-493,9312,0,7.25
2024-11-12 16:00:00,-0.26,7.87,0,-276,0,0,8.15
2024-11-13 16:00:00,0.35,8.2,322,0,0,0,7.82
2024-11-14 16:00:00,-1.39,7.87,0,-322,0,0,9.39
2024-11-15 16:00:00,-3.12,7.41,0,-460,0,0,10.87
2024-11-18 16:00:00,-3.57,8.84,1426,0,0,0,12.87
2024-11-19 16:00:00,-2.92,8.52,0,-322,0,0,11.78
2024-11-20 16:00:00,-2.7,8.33,0,-184,0,0,11.34
2024-11-21 16:00:00,-2.62,8.1,0,-230,0,0,11.01
2024-11-22 16:00:00,-5.64,6.68,0,-1426,0,0,13.06
2024-11-25 16:00:00,-6.07,6.22,0,-460,0,0,13.08
2024-11-26 16:00:00,-6.26,6.63,414,0,0,0,13.75
2024-11-27 16:00:00,-4.63,7.18,552,0,0,0,12.38
2024-11-28 16:00:00,-5.47,6.95,0,-230,0,0,13.14
2024-11-29 16:00:00,-4.39,7.14,184,0,0,0,12.06
2024-12-02 16:00:00,-3.64,7.18,46,0,0,0,11.23
2024-12-03 16:00:00,-3.53,7.64,460,0,0,0,11.58
2024-12-04 16:00:00,-4.05,7.51,0,-138,0,0,12.05
2024-12-05 16:00:00,-4.27,7.41,0,-92,0,0,12.2
2024-12-06 16:00:00,-3.01,8.43,1012,0,0,0,11.8
2024-12-09 16:00:00,-3.17,8.47,46,0,0,0,12.02
2024-12-10 16:00:00,-2.46,9.09,617.49,0,0,-9512,11.84
2024-12-11 16:00:00,-2.63,8.86,0,-228,0,0,11.8
2024-12-12 16:00:00,-1.66,9.32,456,0,0,0,11.17
2024-12-13 16:00:00,-3.99,8.21,0,-1102,0,0,12.71
2024-12-16 16:00:00,-4.51,8.25,38,0,0,0,13.36
2024-12-17 16:00:00,-4.26,8.1,0,-152,0,0,12.91
2024-12-18 16:00:00,-3.78,8.56,456,0,0,0,12.82
2024-12-19 16:00:00,-3.69,8.32,0,-241,9280,0,12.47
2024-12-20 16:00:00,-4.12,8.45,138,0,0,0,13.11
2024-12-23 16:00:00,-3.98,8.96,506,0,0,0,13.48
2024-12-24 16:00:00,-2.76,9.56,598,0,0,0,12.67
2024-12-25 16:00:00,-2.71,9.76,205.52,0,0,-9480,12.82
2024-12-26 16:00:00,-2.66,9.54,0,-228,0,0,12.53
2024-12-27 16:00:00,-2.82,9.42,0,-114,0,0,12.6
2024-12-30 16:00:00,-2.38,9.88,456,0,0,0,12.56
2024-12-31 16:00:00,-3.95,8.93,0,-950,0,0,13.41
